Fir1,Cir1,Fir2,Cir2,Fir3,Cir3,cost1,cost2,cost3,totalcost
74.90802376947249,5553.98786515859,52.341136747181196,20181.08982626694,114.39917565671855,11809.065608323262,43537.4887449342,217584.44048913874,80464.38790420227,341586.31713827525
190.14286128198324,16257.028421350744,49.395759814399966,23900.44191574117,161.08646585999728,14203.069781250642,9946792.165707177,409379.4769670677,684515.1159372438,11040686.75861149
146.398788362281,26188.37507629225,181.25091610420733,7514.036963774969,152.03218595803182,25636.42179606541,387830.59673453873,92339.2285100144,512264.3343851431,992434.1596296963
119.73169683940732,21966.746592286836,49.90923996990122,18746.222988209967,30.779980938754736,10200.131581796764,333972.23878643196,384980.09707676637,63927.14986899612,782879.4857321945
31.203728088487303,24196.83443584349,54.3899452257262,17152.37949431246,29.84989394829478,26089.49054436514,290570.691045862,203424.40137061023,327819.27890026657,821814.3713167388
31.19890406724053,19763.50100132152,151.87965248359274,24984.911303648132,53.63487354898267,2644.032929300745,271048.3091735542,469983.7206289569,11953.174134933317,752985.2039374444
11.616722433639893,20768.296935535574,89.947968490108,27182.611814437816,72.21494526820744,23303.953116258923,144852.20655772256,306768.3454132217,290557.22480535135,742177.7767762956
173.23522915498702,25475.869546959577,155.34211139103624,364.7031443216042,81.69111628169652,25426.42899164209,467814.4311623543,5946.960693555736,319423.645034944,793185.036890854
120.22300234864176,7490.0402657755785,13.073231512877047,20220.59757176378,135.93944336666905,5454.529585120163,71119.82287772898,168012.227872429,39265.683315400165,278397.7340655581
141.6145155592091,14682.748909294214,97.51423873467687,1555.0739735918705,11.33608643316708,12910.395971166014,4888084.705255533,16848.008470935954,40449.126688983146,4945381.840415452
4.116898859160489,6636.2832545880665,6.7227200366565265,16465.759952320677,6.934540845213277,4964.993239909669,14542.516670499856,94090.08667697267,11415.358034953944,120047.96138242647
193.98197043239887,29630.04023989941,12.530640691070904,8628.981871310347,78.38211258878181,21198.123869826533,506614.99112863455,34894.205531535255,281925.00348622305,823434.2001463928
166.48852816008434,28321.780190598398,181.28749066888219,9203.297985664236,139.4327384275961,16060.433041849703,466428.34424963495,110148.21378597974,4606835.981456555,5183412.53949217
42.46782213565523,1182.804341055177,27.849074223519033,10588.755103570697,38.687068591296516,19059.70040124963,12492.781278761762,672981.7508393653,10223754.337517537,10909228.869635664
36.364993441420125,21167.255175470655,106.48413645504343,18638.773471488304,128.30089625125035,5894.609008686334,309942.70693451236,305438.426151708,41223.687893134025,656604.8209793544
36.68090197068676,27757.449522469975,82.2191205201413,10021.498970063076,51.965627588059895,6352.375861572586,331137.01081856684,89299.8855824207,28267.294582398576,448704.19098338607
60.84844859190754,5417.260353820006,69.46866525176854,21980.97151770841,177.21722176270328,1244.9197652971911,37876.23901257601,257959.343998624,11924.790618989031,307760.37363018905
104.95128632644757,17038.356916578883,179.9666691374545,12135.821567216091,179.1379888533233,9662.026055871891,7702026.603772395,4042785.8220807826,102535.21406462691,11847347.639917804
86.38900372842315,27464.648927641254,4.3646793550979,2050.5960092987584,59.4574408562653,16792.33984001025,292344.3228261636,6146.482760259263,4052893.7101185145,4351384.515704937
58.245828039608384,1018.3793575739652,132.75793723511782,23512.795274523218,45.9987507926481,25738.047419919865,6951.066913726289,366526.6926338294,426967.9291689169,800445.6887164726
122.3705789444759,20922.608017405197,192.67888684271009,8572.74973778118,82.26079441324626,20007.823423760423,332355.9604459331,106578.32121838491,183174.53576096654,622108.8174252845
27.898772130408368,8920.470221176523,112.03363669236839,12983.006387977879,48.10631703602974,13061.889701992543,63607.8716844068,3726149.503756764,99937.82749712073,3889695.2029382917
58.42892970704363,27731.885861295912,187.36449240661835,20563.316496657048,134.47676865834072,28593.603431824133,236093.79625193312,498093.2147361563,422220.84660989273,1156407.857597982
73.27236865873834,29131.747354961033,10.451575857204753,9973.68471446136,165.21293690965712,21577.356017274957,269282.25866333005,35297.85286282337,487957.59636506357,792537.707891217
91.21399684340719,28327.994673403016,83.75866381483227,1697.5696844014687,134.6184261822434,27904.9560858765,302590.96029874793,16993.028389060557,420199.40416422754,739783.392852036
157.03519227860272,14226.426499723913,52.03155819241023,11217.631410384407,164.8700894498699,15827.63919816497,4789749.397004702,1051800.2000258446,5207642.169762197,11049191.766792744
39.93475643167195,25861.279529679403,146.16419299614597,28333.457480829104,79.39843244149483,7767.128243794188,346298.64829909743,397270.3273218573,51147.20962898133,794716.1852499361
102.84688768272233,25336.48195605211,196.25941809944933,19252.031918956745,31.26339414177217,1584.8005909416595,317504.78990787984,498188.65234639356,9269.408118302063,824962.8503725756
118.4829137724085,9573.014197297669,51.30601248884956,20144.374460016206,147.59018947951844,21782.545544515513,84560.78234750772,215212.12772689605,398092.52605635504,697865.4361307588
9.290082543999546,24867.46422452032,130.8349202948149,18968.464609129194,72.09490102831077,3639.0899401660236,131320.6289476644,342654.56222307956,19075.009343413163,493050.2005141571
121.50897038028768,1110.2290414647787,39.61952655194803,5969.764168783104,134.2541650458265,9083.253848159015,11356.90021715974,53276.353990292075,73242.37669750326,137875.6309049551
34.10482473745831,17888.09635446159,113.06605091432198,12550.015923068404,54.12878839635313,15974.127236516922,8700884.923161613,3211991.337850664,2752148.521350256,14665024.782362532
13.010318597055903,6900.265118631091,92.78649733766724,22528.19395089955,16.245926961334533,16932.49763339243,31930.151915669754,301538.50734308455,3482604.136462821,3816072.7957215756
189.77710745066665,3617.006573318364,194.4010659263074,3041.1869265947744,198.51635909755268,18017.49590961408,52006.505692500374,55231.11090663503,12302721.704751538,12409959.321350673
193.12640661491187,2308.596048876275,121.70545453929331,8335.583282691368,31.240301586119855,4987.659910491019,33485.55447110268,69925.40584028739,29159.17563267148,132570.13594406156
161.67946962329222,20888.663276344192,69.90127441736375,8289.573253975608,197.6841987926962,11392.122144649462,429219.13034275,52151.10883812133,119739.88715693569,601110.126337807
60.92275383467414,10196.248913041984,22.819156977586672,12960.56782783518,195.45598651328945,18515.826813509,61551.40801711014,2744089.0312428367,13713120.135939406,16518760.575199353
19.534422801276776,21743.003145862844,30.24936574698691,29411.062228265553,158.76362078160793,29094.565939013544,207563.3189254955,308957.5204991814,538919.5184896161,1055440.357914293
136.84660530243139,1960.690223968271,45.06338599024702,2025.0764005146582,131.88459241639953,21828.93413099066,21412.23594899933,27045.07871112565,376988.34839760774,425445.66305773275
88.03049874792026,9458.71013491831,50.1933322680596,15561.02983141785,115.56141005021694,27678.112712818733,71156.14111872463,4529959.554038201,388583.59577217133,4989699.290929098
24.407646968955767,16184.738771260116,170.12321156822756,5380.940460366313,173.22030907556695,22866.361749425312,4979836.255559737,67770.56396811572,519935.53610035597,5567542.355628208
99.03538202225404,23721.694945168907,112.24455765650498,29120.296362292323,57.88790432389759,17751.509066772014,306885.43322469626,347578.0297053238,5350501.392806444,6004964.855736464
6.877704223043679,9562.575087962097,104.6781822748733,3399.105141823926,93.5362424969754,5760.701074090336,26601.716320470066,38210.15771887012,34396.16802561483,99208.04206495502
181.8640804157564,18776.741293110274,22.953774373843494,12108.030070847737,123.87799387330038,20000.56955677539,421963.0424252868,1978115.9734072513,157289.52960631833,2557368.545438857
51.75599632000338,26579.332447085613,172.027938669887,22136.549545038186,82.23809517389822,18701.38697879721,219403.92252539707,487207.3041137925,7973139.607992506,8679750.834631694
132.5044568707964,18475.895645469136,144.56286064169674,21136.632840823357,85.4972908180536,18074.075113717994,312177.3876651306,374035.43982893386,7055388.925589433,7741601.753083497
62.34221521788219,6988.784242609013,13.533672380000317,12681.859106817967,66.05693350041687,14693.576039647223,47184.95725414364,1783226.3657294237,1112953.3813259029,2943364.70430947
104.01360423556216,732.0234466961406,141.56701944595375,10395.725038581548,112.8463633369072,15859.698119678269,6874.202878460017,635297.2969856553,3749253.6001010267,4391425.099965142
109.34205586865593,26102.966217027897,108.70764346852921,11928.371356586116,170.1149056030232,10033.275813543121,330111.95591192093,2398666.303391753,102617.45771496349,2831395.717018638
36.97089110510541,638.0823255116142,16.345069149355652,7928.287894759178,40.30567560126257,15579.380779269095,6150.204390248941,38429.96589374038,3338231.907643712,3382812.0779277016
193.91692555291172,26241.05018052598,91.66012830573129,6159.988161203994,186.88660775068828,5926.677170354347,497518.16590765875,46642.17730086766,58175.60118740325,602335.9443959296
155.02656467222292,15868.11402081636,96.93925742600939,14491.1909267667,137.81753074964593,24155.231920811304,8172300.035304391,5166358.425806542,407684.6004498199,13746343.061560752
187.8997883128378,28172.030955386886,33.15490803265515,8056.012682028219,164.65464253600604,5573.308640961234,495155.1908050143,61271.99323666877,51608.85749327202,608036.0415349551
178.96547008552977,23963.49707320996,189.13962940005646,8623.849946917504,111.23813852600233,2548.9886966839927,469812.6137741839,106183.04076995139,16598.04556838246,592593.7001125178
119.57999576221702,29938.023316000123,169.99507429613237,19702.681904236713,155.90334028481269,13087.38079071472,353848.39872366487,468949.020271045,118277.69458751722,941075.113582227
184.37484700462338,10521.354463551304,133.80446746582166,29056.119950996766,3.240079467893442,19749.223185181854,127750.47886879316,380732.75095960335,2493768.025991725,3002251.255820121
17.6985004103839,23015.64866793381,92.45911220012144,18109.116016781252,163.67608495590704,13131.50474800624,197595.6025681019,279552.2658482382,121247.44053650224,598395.3089528424
39.19657248382904,12057.927408277264,82.3531083169017,2309.3840119489882,8.027771817073305,8302.623958539258,193025.60296949738,22914.7899227223,24371.68672154606,240312.07961376573
9.045457782107613,14396.268609117265,130.19469343019082,2267.508415622009,177.9826752725725,16745.13551671322,1497248.3376644952,28552.768982157013,8036135.271074673,9561936.377721325
65.06606615265287,18825.1638965511,109.08637388138109,28542.696625366978,198.39254944772867,10410.070062365998,218270.2907977086,341524.8064198805,112859.69701588321,672654.7942334723
77.7354579378964,26210.313425590164,12.454621176377124,8918.723709220008,58.81349243535556,27986.03070379899,273802.9835290593,35778.00763318904,277871.3591898955,587452.3503521439
54.269806354779185,29522.504075978854,102.50052975406633,2762.009582474263,42.06371125715873,27679.35418810716,228689.92788712832,30710.7009923101,411620.70241841394,671021.3312978523
165.74750183038586,23048.202415935546,161.2807234465679,17971.337614511445,153.07267277160815,15071.154599162865,448090.11220000224,438407.28550119104,3000546.8072029226,3887044.2049041158
71.35066533871786,12533.003465020012,91.84797551939161,18709.463348707985,50.605268184050644,9836.519820547755,727171.3897962609,283324.494325768,47320.19686731845,1057816.0809893473
56.18690193747615,12640.710068312106,10.391315510853683,19455.144603560646,173.1124766344407,22113.972418699173,752917.8307162449,143170.62085192616,508967.0276333382,1405055.4792015092
108.5392166316497,22127.469047666746,157.2556398768066,8022.060835726239,20.56851843149534,1101.3883044919992,317103.40841985657,91250.82316941825,4969.091826103331,413323.32341537817
28.184844994952527,7163.31437304907,40.27275642719488,453.320526434251,25.191039275871653,14243.070181309537,54598.046567232734,5633.925633492937,443403.8038600088,503635.77606073447
160.43939615080794,3314.2233939418397,51.72416697760775,28950.461083634156,195.8303110201231,10089.701828110006,43812.94414336182,232099.45608309584,109891.33937753737,385803.739603995
14.910128735954164,10638.664729223296,32.94127068645918,7526.7913707330745,134.76777965400092,27616.07655307664,48127.684474089205,57548.93512890742,419431.89898037276,525108.5185833694
197.37738732010345,8617.169749622451,66.04301297429951,20280.788641576426,169.37744488579057,360.0908181804763,113566.25409657005,245936.36795042042,3378.13028783012,362880.7523348206
154.44895385933148,8889.243613679702,151.350301137727,21198.896096361288,64.8658754703036,16584.446271550474,102805.38091292081,453337.66800281237,3923206.8131693266,4479349.862085059
39.74313630683448,7008.232531497299,103.87717190078747,18300.22251238457,135.29674990412087,22219.90743199878,67453.59905098511,298757.9095867214,387053.8280087894,753265.3366464959
1.1044234247204798,1262.7956890908565,40.97625483014251,9387.221826409446,118.84836546171944,14550.539625721238,1199.4887166504725,80204.50200395672,1204217.1408910388,1285621.131611646
163.09228569096683,536.2180420024143,175.56601563040817,8132.8876129219725,120.6300240245894,2562.0909048816497,7147.025640550318,97357.94464098853,17373.718738632047,121878.68902017089
141.37146876952343,29631.671692080945,175.91637099030584,17930.048481081092,136.5064919075443,29173.841700837067,387469.70652812783,456424.65685994836,427164.35794643435,1271058.7213345105
145.80143360819747,12833.19401207587,174.11568500920137,25982.869008350746,115.07183462581972,15540.312941282938,1620612.9504548106,505125.34956205665,3151480.8528369814,5277219.152853848
154.25406933718915,11529.79941479045,47.75924227630786,28402.01186770187,85.81247386053319,18425.587329570342,125558.72922383914,411897.1817899686,7671465.1235917285,8208921.034605537
14.808930346818073,20389.418480792094,90.24786883619763,3177.174132112729,55.18453887610937,7098.29348122522,168630.95692943092,33063.05428510729,40446.68173945138,242140.6929539896
71.69314570885452,6547.616635951925,196.99793122817502,4644.858377931596,153.7162661826404,14504.942553204115,48705.77126088314,84894.80451239929,1482400.5715373969,1616001.1473106793
23.173811905025943,28498.83551850676,154.40249526199807,28342.08776349239,45.25448600063724,12874.484758749655,245485.4877566772,483008.2019457736,95237.2125682264,823730.9022706772
172.6206851751187,23590.350432466563,5.433484245111964,22096.056850043777,138.47086123088283,2246.875260059512,459809.68208170636,98067.24438471215,16324.62603306461,574201.5524994831
124.65962536551159,2682.330069367785,13.040918252098411,26489.814744893192,46.666564529865326,3184.810606424017,27827.651073450426,177643.30318023163,23879.563030047833,229350.5172837299
66.17960497052984,12527.42327354785,92.78627536246655,6078.979024060295,125.06603399089077,25124.175588563237,691147.7201925212,46426.25472507519,393784.4436795938,1131358.4185971902
12.711670057204728,26373.54922686494,181.84404117231202,17627.576133282055,149.41565342580577,7194.598566197707,163216.79185315114,458351.6042142811,67087.89701452975,688656.293081962
62.19646434313244,28341.960668742307,107.74035959054285,21034.18783252421,43.74277778130784,5848.748144958916,245126.32735570887,320575.292231505,42129.21185683215,607830.831444046
65.03666440534941,14022.045337496093,99.56250160685805,20403.35656340918,11.988660172261657,15147.343537504177,2418933.603383115,305037.8887207782,1155604.3251291018,3879575.8172329953
145.92123566761282,18402.34167632123,21.094739991326115,12244.550726000944,26.194748598834817,23062.413940875387,325773.0556138866,1991801.1290893438,288806.0053068394,2606380.19001007
127.51149427104262,5011.018382762257,131.3560209448588,461.8467507392543,121.1993934542051,1858.3955573696376,52637.52668794915,5842.565750388041,12631.630582592905,71111.72302093009
177.44254851526532,29735.058784109297,164.4206321200451,17487.781704127894,169.88928124514712,17304.237589147677,484748.435353412,433997.4387185661,9441538.76231928,10360284.636391258
94.44298503238986,6950.151041503302,76.08400150151246,7593.046175388263,8.999364247084873,3576.3132852172007,59070.48349431115,50522.46024684937,9664.721247043562,119257.66498820408
23.918849187660342,28281.95322405377,155.1223701850655,13507.62738428671,146.83025180832925,1093.8315247685537,250394.85668190263,6111537.43149326,8183.69792084928,6370115.986096012
142.648957444599,19489.399469771055,192.8953307801623,28727.43045251452,68.26372919001042,1582.3185648665217,348055.59760683903,538507.118208321,8070.55738254268,894633.2731977027
152.15700972337947,18232.103846365775,40.753291825537815,11971.059529273041,95.7056739839045,25024.92324625324,357953.29544931045,2676270.9972551214,344010.3629029269,3378234.6556073586
112.25543951389925,15380.655330495258,104.66592623894826,25194.0481999328,185.77190996911312,3539.174508841847,5395052.465089698,327969.74722420913,34644.60833993533,5757666.820653843
154.1934359909122,6920.094351532761,57.42759161691511,5656.218172477534,66.3943009471691,1354.5409323687586,85707.27252452174,34085.367248910916,6813.489123570263,126606.12889700293
98.75911927287815,5295.840960165247,158.57088380676788,20173.814940750864,93.0673867878972,13136.996614287369,48333.17417318475,457089.4292411454,78221.43626242595,583644.039676756
104.54656587639882,6614.586272105261,115.5186731762315,29310.208633168306,2.736482952136221,25319.804158260744,60361.21472645755,353122.15418503294,73853.94141298078,487337.31032447127
85.50820367170992,5593.147864327636,126.91648351006076,3056.793026188104,16.319744000967674,7872.2512946790575,47156.35927907668,37984.25643028775,36636.24412513373,121776.85983449816
5.083825348819038,23387.534207002598,159.58283192317882,249.59826681576035,51.718318226956804,12651.37852577749,87073.81671429846,4123.016274040064,56763.633592766106,147960.46658110464
21.57828539866089,10503.757775001903,79.19409453249098,13007.48377897843,5.570448164214881,1197.6759769125367,60818.357347297824,3135888.944230122,2403.969754857075,3199111.271332277
6.28583713734685,1735.280296901891,183.01801368140863,2778.764491541016,126.2750652096502,13472.355424046276,5193.953106873257,49023.72608695058,92782.60700767154,147000.2862014954
127.28208225275608,29073.07890422434,106.605773449228,22451.53049028694,85.2796713603245,17328.39241911401,364791.7806439664,323881.8852468986,5771037.07877695,6459710.744667815
62.871196215265336,26513.576548902773,31.5909645670696,27436.45991545677,109.62904054560441,17127.211612564344,244093.00605848388,314608.6795508766,6153482.69549243,6712184.38110179
101.71413823294056,27832.56849585639,139.1798236337605,13020.629181262764,34.92943717926591,9972.800765230955,320465.348228636,4222890.588113977,68124.20399168062,4611480.140334293
181.5132947852186,29847.23467939306,158.6522700876509,7761.3492646632285,59.186405887323225,9465.995419894065,490521.3252471149,89062.45871879252,49919.95011666575,629503.7340825732
49.858445829774986,5216.857476584619,63.35233541350534,13032.099570198294,132.76489497054501,3198.7085680979367,61255.4505793413,2814512.472790869,22756.05141209065,2898523.974782301
82.07658460712595,11887.260567079762,171.4358513997506,21703.43453550003,193.06054472607997,11003.949619388051,81812.5870783003,484148.683453949,115679.8808991177,681641.1514313669
151.11022770860973,22747.154271122738,181.22865095315328,271.62484741112934,10.08335472044184,2984.8400661889395,426416.0006093098,4769.519854991205,8655.65135911119,439841.17182341224
45.75963309832449,20880.618541613767,55.38089747556179,17683.619684540914,178.07686417105322,22997.87834136155,358809.5058636792,210852.42065715263,528210.4824680582,1097872.4089888902
15.395981965758597,4616.877190195652,196.7042945430444,18398.750546621373,115.3762402622417,28988.228932445574,24960.550256909308,488725.7140767796,392189.88661724614,905876.150950935
57.9502905827536,24474.993749718535,28.142305609751684,19130.647406878066,112.78391335112474,29102.233700001205,230035.62660796178,269130.7568877487,388066.7221972898,887233.1056930004
32.24425745080089,6733.21715509982,40.403133680497994,7260.662399426316,100.05570704155207,25952.132981261817,57143.612434189534,63594.37985842341,355666.6789545241,476404.671247137
185.93953046851462,6714.528444678693,36.844967847605226,21421.581701343803,13.878817180836677,18023.764480188573,92172.24671697289,331389.7333661857,4315965.8686749255,4739527.848758084
161.6240759128834,16109.232686802407,178.79794200157409,2741.7445899532922,17.975370347232133,21025.970917316397,8856365.977759264,47831.670375120375,211651.685568505,9115849.33370289
126.68075130208469,17788.198045251094,130.85851046499238,5978.110094004024,120.18240113181722,8556.174080412422,9797949.979243867,54755.074105561755,66747.63861186318,9919452.691961292
174.29211803754353,17402.586235134335,30.420856644454574,26324.10139963446,68.19171428711167,18923.11260517862,12048458.058692835,305187.13542344264,7599164.293423114,19952809.487539392
160.7344153798229,2744.605121932646,88.06468367366979,22161.69452179699,183.45361331553613,13669.486483196324,36316.14046757861,292387.19339574827,131523.87612353693,460227.2099868638
37.31401177720717,26323.82587891141,123.05960501396041,412.36662034035754,81.31810747189445,14460.520193307975,332124.4760487361,5042.532038574065,845667.905035621,1182834.913122931
178.51179969799554,7968.001277661182,16.69281699787666,7451.287811094006,28.656291740528218,22733.29681125474,101964.34487770198,36926.95508977772,302982.2580343055,441873.5580017852
107.86844838313014,3885.447638484125,176.48327368146775,6432.194489794937,142.9437667004072,8457.550667917549,37224.9574496863,79911.10432677035,72277.46719510436,189413.528971561
161.4880310328125,26662.442396069317,160.72070708830702,8124.189841109177,58.67068428820197,9541.188350835597,455182.2930711405,93226.7388604607,49955.852009797156,598364.8839413984
179.21825998469865,28669.5449468926,101.04135471532764,7426.793108396592,105.09406147117863,27739.2537338591,484775.3284170964,57456.03253871712,370747.3129477972,912978.6739036108
63.60069499437277,25863.828517963517,193.42532305183408,1875.7888722853722,139.566557101034,1686.7288455291673,244623.50715001512,33984.04092243634,12303.307532317413,290910.8556047689
22.010384905535354,24285.482241746344,83.55219585501995,13768.21549790461,180.0528222404141,14569.028952400211,230959.39155038423,4023066.095583334,1779843.5582921011,6033869.045425819
45.58703250838833,19657.259419170652,196.82206380729957,21982.004243584954,158.4382389603352,27384.024012235852,346901.9342597448,518916.58793158503,531302.63512318,1397121.1573145099
85.42155772525126,16525.721118274178,133.58399976072542,18201.95174152309,135.27221357454482,18310.89023454471,6185944.71905583,339520.0390043656,9385731.991925785,15911196.749985982
163.60295318449863,2609.6027973423043,126.93425465078829,20186.150057942392,135.92663647902873,16392.21222636396,34836.74580243216,344990.3397697509,5265001.038109648,5644828.123681831
172.1461166512687,12253.59639212096,33.190979059157,2434.4753560871745,189.1849288064173,7492.325376880656,692567.5842350298,26733.433601951543,89844.95966824217,809145.9775052235
1.3904261062381407,11180.655510369419,176.3855516609288,28544.721305303618,59.16481949930721,10298.264671933448,10453.896388480232,515404.0367949638,52733.57060851229,578591.5037919563
102.14946051551314,7792.613512809786,85.49793758412304,25154.755015290746,0.2224188392374815,25561.452474140788,66897.7147907631,295133.02371276036,15624.34341539861,377655.0819189221
83.4822006297558,21702.60341065755,32.44668115649587,24152.70955486988,54.39091187963974,16776.543953053744,272834.0387034138,313443.074138793,3854725.7821522057,4441002.894994413
44.42156209414605,14876.272052363125,2.521503995151808,24689.514151253024,43.5782759253488,15442.265812703396,5115933.386637464,61343.06503654163,3208181.884177914,8385458.33585192
23.97307346673656,2431.3864772294382,111.95113672767651,27981.31524398284,132.36691702279964,2987.3914062008676,17607.300621439157,345202.19054250285,21220.81898006525,384030.31014400726
67.5230342807256,6605.49605849434,105.47992442453527,16327.61898341093,126.7423199531058,480.84469365369364,47411.7424625208,261555.6105193458,3342.2687018692595,312309.6216837358
188.58194078250384,20497.762909787878,143.8707244738317,6008.460536028777,118.69227654094476,28910.555660611473,459825.11706723116,57764.70393078638,397569.69852810097,915159.5195261185
64.64058640415105,2283.9257847090057,178.05161060356042,18503.508235576235,3.24868864189074,11309.585018605248,16508.778851320047,467229.9830269811,16994.682897989518,500733.4447762907
103.75812434867322,25536.20742146306,15.881316928605905,22286.44481003817,145.7556108901295,18096.39186298513,319502.95193398115,195207.23296474366,9263139.2083644,9777849.393263124
140.60379177903556,14854.39581041923,146.29929806807246,22137.52180062076,64.70608249709831,2391.45219561855,5173283.627868026,380653.5107994003,11875.281671995132,5565812.420339421
72.7259204758588,14417.59731979944,37.482388819516444,15643.470725006404,133.01119780132623,20493.4285716914,3060434.17843249,7113804.333479991,343612.3259678238,10517850.837880306
194.35641654419214,17772.233539785528,171.6354106314328,2053.7615800073418,111.31568570043066,27977.001261178826,13584072.376889298,35132.63021360862,382307.9859621276,14001512.993065035
192.48945898842226,24740.428977754476,163.81270277233122,11133.388152903835,68.54618508558144,17269.95758992259,490443.2708132541,2103575.6204314097,5084110.982101027,7678129.873345691
50.356459165072835,10434.276237065791,108.15875099710888,27622.99825390072,26.91525342082155,3783.459671262317,56427.078831107516,338443.54226199747,20167.01413707967,415037.63523018465
99.44970117847708,20340.484576771905,142.0485597246623,17533.46729272278,18.88377953209619,17451.6458242043,292849.71827696206,341966.17175657686,4489534.886388652,5124350.776422191
60.17566196335393,16971.95891987373,62.87002263674968,16149.958297671403,166.30366662244472,22990.41639313957,5597617.730652842,187699.74375793722,511752.2165405263,6297069.690951305
56.968098875493524,8010.848105082639,94.23357978656293,8065.605431465806,183.6795084163116,12192.496097220559,49496.140412277804,59487.832986601665,121324.88621562651,230308.85961450596
7.377389470906559,26358.89959065474,164.32737954209432,11053.467597497367,129.95760935285992,26395.132438244036,113962.49591499202,1966164.4831806766,407263.2699675823,2487390.2490632506
121.91286679597937,23922.78064820784,91.85303943464278,26860.38267459508,20.686822972096675,19460.488600720935,344700.6529926818,309578.6174199699,7479348.379480275,8133627.649892927
100.5358046457723,19753.555039752766,71.55965306508836,19993.89142580507,80.40544337764814,26977.467548676075,289815.4309386956,255265.70301727738,322117.8678337353,867199.0017897083
10.29575024999787,25517.451872827256,98.84248945005997,23621.610802569987,145.78784002103146,18705.159337420115,141213.26442645778,314662.8413856073,10625683.574689973,11081559.680502038
55.729292847322284,26018.826028794072,165.64985048744367,13630.362692029654,155.9641768020136,3938.6391601447267,227706.59092069292,6524075.035884591,35572.77690307774,6787354.403708362
181.65317719333075,21250.889301451043,67.04160947417455,18907.41658368474,23.64372445821772,9290.751333155673,457966.60704400024,241655.36876765612,51087.51487655904,750709.4906882154
47.91237813339448,25110.399850910162,34.75231862714876,7451.508262296225,0.006143769076483174,6053.848447573708,388465.02350031195,59043.54010054018,178.21387448657418,447686.7774753387
28.97897441824462,20924.143850078508,142.40280406615616,21163.82490850459,142.427409176121,27264.79493150587,265630.6627884258,371242.79100016266,429887.5872082642,1066761.0409968528
97.8905520555126,20404.223152809012,165.19564254161637,12828.04001110012,71.31923519724113,22812.00201862448,290753.84182188776,5100588.688811943,285596.921040282,5676939.451674112
197.13009082212014,18558.34134645553,20.127495704706668,13276.365444442366,50.89626632365205,20291.951067300182,430618.5520422064,2796645.6078410065,203841.2168128749,3431105.3766960874
48.41105430230008,22581.499186729237,47.97482255118894,19479.66973730645,2.579493957905088,9028.98958894865,382018.1541049469,381285.24755388516,12701.391767699768,776004.7934265318
134.4271094811757,4758.153158792211,28.39439795219878,28088.4186440678,108.05988135229994,5521.3431615064055,51455.13724518513,294836.67163923813,35435.30813156457,381727.11701598787
152.32392306574351,26426.12277596785,69.58828231643332,1920.1903982586277,170.23014708519634,22693.532639667355,441429.6142647122,17454.755523864533,513591.92255243304,972476.2923410097
47.527508798479936,26155.30583235696,90.07019578108253,24742.29712041023,191.52632925451758,14224.73837637239,389210.35326433,302378.38341286394,805815.5151830119,1497404.251860206
145.6432697223719,877.4184910367744,149.7652673926613,8771.493312365794,113.14899012265785,6773.686564518874,9916.24091175555,81437.19067406461,44485.079351746055,135838.51093756623
73.55662654385064,24774.50251694288,130.22951697633482,13317.583635191335,102.89226554797884,18498.659344958254,262918.7951123798,4472041.984129179,8537924.283649823,13272885.062891383
126.4611661187159,3866.096024203356,124.18571349568623,657.3998632502687,17.01127709784822,1210.0155641535594,40426.45138435596,8077.051931916204,4852.847251275271,53356.35056754744
126.70594215217893,10053.565627774256,70.47498932193088,9031.382335029391,109.77456030851995,9785.107623847605,91094.66889563283,56445.95274566095,69468.86324592464,217009.48488721842
107.1549368149517,22305.247688748233,168.289510616952,15078.937278903915,75.99581579307892,14056.709837734039,315596.345030152,9151217.284692738,165556.9826374122,9632370.612360302
18.05795401088166,4822.796881449246,94.25743347963291,1685.2823204231704,121.42705617671538,4438.750023282175,28968.009762817626,17938.893880846474,30198.79752741101,77105.70117107511
167.0604991178476,24539.010723571864,195.82098760303091,14732.871881494955,77.74526957530934,29539.634327725187,456145.43924264767,9179773.75313526,323126.53498524526,9959045.727363154
64.15601299434717,24964.02533873226,126.82842765914737,27813.31886575282,48.05982469007335,6272.920937688427,244221.8739068387,368036.98539388564,47899.857920615235,660158.7172213396
37.30370207997085,15224.032012825086,25.252948312900546,3161.7965432341566,18.9930550456753,3910.593901297966,5098465.683450033,29147.91285418972,16792.733633996573,5144406.32993822
8.155028310952783,191.5761515050074,135.2355124150868,22933.22184226513,62.98368891777915,6106.046216606892,680.9156935970178,368213.4543040032,29914.47092417927,398808.84092177945
118.17858863764836,8611.143995247383,65.0208030863398,12290.13160127978,19.328966857550455,23071.833994791727,77981.22247952095,2169224.867103396,239249.1607599983,2486455.2503429153
135.51287236845647,18507.807551272264,137.26543933721948,19655.21143573014,35.37939016479679,12765.169778155285,317326.5572102872,356163.7642837421,81262.80281708261,754753.124311112
3.3175657855712304,29435.585340822705,13.928229632481148,7807.097939556881,197.46723171590918,16962.47819257614,68355.52415001618,34231.1664741913,9086208.719609072,9188795.41023328
102.4186116598562,18954.40581050005,34.97628743519188,4784.767876240749,88.82071138132372,630.2747095908223,282593.93200226995,54334.17669446551,3667.1331744810605,340595.2418712165
45.29915503958759,7794.107431924794,171.14745178115726,4813.878428136793,106.37435330100331,1032.9392571994367,79312.60357921968,82235.98464040899,6577.34895703438,168125.93717666305
129.03455808188997,19020.17109298834,45.43591140470298,2114.7583692943394,174.72370574744306,13374.766494810485,322164.69641173835,28391.997209114164,126601.68005410122,477158.3736749537
34.87328580099829,16199.561391475665,167.408225048588,5569.401147037291,199.11378009813757,24499.657296048706,6324259.766742536,69160.24362807817,571459.996327709,6964880.006698323
138.18754762049318,23395.36185453431,55.855217690882085,19926.58154966905,116.5428898689363,26557.16636122696,367461.6796999057,224148.52943375093,386286.5566698716,977896.7658035283
77.34706926010747,3209.419164808752,128.57638201174154,26450.718355305242,162.49476420883434,2601.1970278692065,25605.97174888894,367907.26597929694,23941.137168013105,417454.374896199
187.3459977473469,22830.83707506084,138.8301147019662,24423.770567734853,65.38820486733505,16150.893063030684,475276.8950304194,377836.8307225091,3289709.555796291,4142823.28154922
27.50418882919865,16237.997360283309,102.53095062901059,20554.029296234523,61.14879148945822,27396.890588378115,5455874.148914486,310409.29183739703,281949.41245101625,6048232.8532029
68.2132702100517,28889.76011576984,61.062135339346256,3312.9559023330803,80.54074419891204,11639.182631936592,258593.655154606,28135.59873769054,66837.25678202003,353566.5106743166
22.694704248117816,10256.164981160582,42.528875274219224,8675.623388878495,134.50145253472982,24886.97494285106,61724.47977768639,76641.80859340832,407103.142968658,545469.4313397527
184.93872365571255,18978.656794018443,6.637870912485244,9294.206259674069,136.43833785101975,4010.869631983086,431420.74628951476,24799.591624282486,28926.12512348182,485146.4630372791
175.4678706761962,27960.843165300525,60.78928024814476,7498.708391928637,63.04788692989016,28061.83469003396,477962.81477845885,44475.81469730475,287878.29750195506,810316.9269777187
51.58832554303112,3075.2918397203775,130.6325581062566,15450.169791291693,26.641984827325736,22542.69952593908,19634.76905930208,7303816.270589782,288159.4712027794,7611610.510851864
131.99680920683582,28116.854617093533,187.66096368969653,16066.614446390176,126.47925129310171,28240.03178360705,370425.40556860034,362617.4150304032,408373.30413811107,1141416.1247371146
163.44444004024317,20636.5716690244,174.2408964526104,10706.579255133307,25.665172437752904,20298.517006575195,429363.7771135153,1394668.2182890608,239987.7489163685,2064019.7443189444
111.04016231989246,2035.1117731551572,153.21295530706053,10613.67476209308,115.69850164586602,10902.11795998281,19810.99475765486,1153109.4357370273,76618.12731967533,1249538.5578143576
105.93011567120129,9028.907008404487,157.68946865065973,24856.66793718244,138.6844256112618,28145.435175741673,76066.79175204875,478109.2143208652,427318.2563424229,981494.2624153369
48.37045818009034,21245.162659358448,132.99698069519906,23678.785449590567,140.12229927889032,8267.003289275353,374662.26280885,367370.73549888557,70565.490047088,812598.4883548236
18.620553561179843,2020.518044063151,52.0573715132006,9233.874950422369,150.69442213191934,9965.175661851976,12384.445850519714,49166.482130841214,96616.07293238197,158167.0009137429
179.44315159066534,17465.113805288198,181.43900614116598,27413.65331619778,174.5718843131329,21024.25254005221,12365179.30253992,519456.0270291362,485089.0735222612,13369724.403091317
180.0836114326661,10376.491708588703,134.1464623811668,28584.45051007518,99.99179839295769,22959.48898576159,124901.54608514563,380391.6320134815,339376.83495493507,844670.0130535623
126.62029145465358,18627.465533024315,112.08812619608798,9802.276260901224,146.04983790591425,27882.104515474613,309679.4624103508,77244.88528301958,437604.785484304,824529.1331776744
67.80595820974014,1372.2610143753855,22.197893842696214,10632.748463791646,123.83454707316734,6144.072271686285,10183.409622149102,621262.9288671695,42213.41649847451,673659.7549877932
69.84191492253218,26146.10418457129,89.41110876128508,15169.024602658765,37.327987959536514,23939.941056576718,258031.50112221396,5690667.474616314,365900.0962805435,6314599.072019071
145.19113577404786,29204.669075321908,92.07165424038526,28233.624376010204,5.137928973881634,22156.381601908903,392435.9293631048,312215.34518347884,102681.558223321,807332.8327699046
179.42205199051543,29066.335658570744,172.91272190453398,26289.582994269345,56.908277135386754,1913.836687607936,485969.9008747077,504381.2780420191,8912.316877853451,999263.4957945802
177.41728485302346,22489.55495228774,109.3296440375577,3077.038877507694,88.60674126752389,11616.694236306208,460670.62965148815,35380.991536791116,70012.36692685417,566063.9881151334
155.97510917152476,3902.587203918959,76.08010979408193,11781.922298142486,123.42118888573125,8482.963711802957,50867.674762362796,1845821.5914804796,67282.79549519837,1963972.0617380408
128.40632923085755,22747.895877870676,195.36006570213186,16601.135692493157,169.99186610064106,9134.712730620911,350487.98045069457,441772.7494765321,96552.01796909883,888812.7478963255
16.827992999009766,737.6074937640453,22.144118665263136,15093.9741765462,39.24914334123313,29488.406386641025,4228.871017005344,4590398.6699483255,399662.2371645348,4994289.778129865
32.325742818922755,663.7065458699176,84.50968566238892,5815.89203810678,25.10995797969542,19283.322404397837,5854.665821075965,42636.167823609394,8162757.731526573,8211248.5651712585
179.71083770541586,9708.306574486238,8.404935034281058,25764.50313504464,192.6959894948655,21530.284733804987,118539.48801155358,133518.36718593608,522642.3127002959,774700.1678977855
121.28581193191799,14659.295712139972,147.98082415338607,20308.223489905122,21.60891187528142,29298.529119450275,4450240.3670899365,374349.49530595826,275695.40439431684,5100285.266790211
1.8394103233259296,23112.222534233795,183.61531043983013,25137.251245554107,95.69821402143783,11316.05347372916,44386.7895188638,515364.1102475457,71464.43498390165,631215.3347503112
20.294308573206422,20498.861298195156,56.007465910097885,25762.928380484165,117.11274575866038,24055.205053584177,208139.3815786388,237777.6207961591,375189.7194138816,821106.7217886795
132.70035382161117,13377.08119130245,171.66833535982417,22450.675609972193,108.27488418148765,13035.92889913486,2473187.6085974816,488255.21600536135,83909.72299984471,3045352.5476026875
1.0123167692437374,8208.799988449977,58.44364609237955,13176.318037491521,17.206431406588642,26086.010154449392,6701.461822448916,2824579.9337902865,232957.3960129579,3064238.7916256934
32.16161028349973,29913.735004731334,182.15403232878305,18316.402650462736,11.405382800723874,5419.726239339096,306771.641318107,469908.7500435544,16964.077459978576,793644.46882164
109.74675787331722,12785.439067079189,150.7923807193568,4810.962183592294,21.096685492207136,28430.58531192839,1312208.7034568442,77336.9573000991,269940.845112655,1659486.5058695984
138.37903953853865,13541.610729890264,160.98135536828772,20209.36252424723,117.1175367745225,6563.15125232639,2820125.450763257,460666.77426321316,43852.14683526783,3324644.3718617386
130.3922519005201,4908.714635750075,3.6013111200909,5377.597672178423,108.86897752686421,9786.615209427946,52200.63756862655,10539.438988393562,69188.53133409229,131928.6078911124
44.85386189211196,23844.286462497883,192.5620714148052,20818.487715304705,46.74815840734885,22685.767023203414,368049.96075007744,506453.0372022578,409899.168411572,1284402.1663639073
142.4358442695072,20810.46677344466,145.33419841406464,6887.94482261906,127.55482836911831,11812.654246962202,360529.3650881031,65105.762603156145,84985.21658445192,510620.34427571116
47.449817499360016,6623.088383662812,60.95021907722666,3526.539004506599,164.01350041112988,18246.341302993398,72906.4130895088,29920.906323220777,11902271.946607374,12005099.266020102
65.07993963185355,2471.431368475281,165.8789329717694,4958.534704288723,8.315791969318752,13337.205032082855,17930.818592184914,83444.58383890633,34163.9410028189,135539.34343391014
149.29828102360483,20414.979062241393,56.304239682985994,59.76405657210804,99.62598870960848,22271.098112693457,366858.11264742434,486.5790985261808,332637.1884119709,699981.8801579215
129.92657980944293,19635.336428434057,174.5507679132256,21562.188535605907,137.86208242053806,6849.937571058325,332403.01631126844,487575.51661139185,49658.50516307341,869637.0380857337
169.8446820988356,8197.78580994628,22.516078082387402,21972.031471751372,50.46238541393742,1753.73961710631,101540.47589828793,243286.11667861423,7690.178124959276,352516.7707018614
131.52257846006867,28525.90686751231,140.73719549215915,15448.000497397783,61.55418105862982,8997.881924191986,370454.8727539577,7589488.56861601,49289.69737083439,8009233.138740802
113.66172066709433,4531.736753427007,108.13969532898207,4840.884031661511,122.72758059787677,14229.259946052907,44684.68463906661,55346.372921969705,564474.9338488572,664505.9914098935
18.734953565618497,12970.044031278057,19.306894039088164,2506.6301253206925,179.5870586887474,5040.601565780357,1016712.3248969186,19459.754902620927,48578.857872873275,1084750.9376724127
73.5431606118867,28308.477605027965,48.37876565176779,573.8689931186103,161.98488406057987,10643.91868969166,268756.1251483362,8020.328041232759,104338.89324687919,381115.34643644816
53.04047353634509,12591.81950778367,2.480807255462958,4972.445308956621,116.6260438199167,11999.490548807056,678707.0640794069,10382.01054356201,82151.03826510804,771240.1128880769
48.79792867581671,19155.778429922568,93.75359309290117,26725.6660494944,146.04434355144983,1721.7553106482064,355331.9154623409,312656.0570084721,12847.085201545202,680835.0576723581
194.6021109504891,11927.831938883828,60.25305215200007,7246.105251050453,72.96449404155973,17499.217445526137,144900.1882087643,42993.038993985865,5608159.07237047,5796052.299573219
78.61954493335207,8226.4560704601,119.67149685955177,10628.13981651647,128.19310561975155,26530.302839138625,60251.15235236579,876233.4557735411,405035.96976074006,1341520.577886647
178.40931103542266,29519.329438794848,59.44756154172344,3160.3645344399956,93.2363182255114,4552.287388591572,485602.3530858465,26468.151399036986,27137.302391604262,539207.8068764878
126.22772519945258,12280.02018945129,59.98382230139694,6670.839142445108,37.987227291512184,17934.24040204542,572476.4516340635,39988.73877410749,7880335.031229851,8492800.221638022
158.9622607083297,26822.97611037403,148.63863974632068,15576.737123406154,140.34765477545145,19942.176147325386,452041.47373973054,7990614.46642429,13139923.495509548,21582579.43567357
100.52741862103842,6898.638176732586,9.62856719567069,18232.580492869576,111.29292746976441,12580.04041257865,60818.43740110364,132443.08527975506,82950.7490276009,276212.2717084596
115.38077692527182,6393.141120752499,180.57899903839746,7360.569424986332,71.72431639071829,21032.927620928098,62258.783413271965,90560.58363698111,266772.0329659422,419591.4000161953
98.50353876377278,934.0224865353408,170.45277487823628,1731.9647767535162,182.26783801572614,12321.946304730362,8512.331284871645,29529.59316634234,121792.01232387895,159833.93677509294
39.0485975596089,19550.004761276552,133.56093664528132,11730.98607382196,4.1868235653466535,15139.118639323047,312002.1510349706,2405394.159086577,597758.1863956278,3315154.496517176
144.49042305230105,11055.790311712833,118.64431402147686,7026.101127790024,63.1546302498992,220.59133663280937,105439.96445668563,59578.12910337218,1082.1774760662668,166100.2710361241
56.15447248817116,25930.747495189113,178.46049962793046,6586.617696894058,11.376279555529312,20751.603424040666,228527.78778420482,81954.80557561058,155734.34943939163,466216.94279920706
4.863193286290768,14196.297200746714,37.066035905742886,28795.88408140366,153.30546324432544,19840.280368341733,913212.5215213196,350877.83681214525,15822836.872262519,17086927.230595984
129.09445918143356,29045.802837441654,15.793832438165722,18489.014577771723,140.42149082275853,1152.0263197903369,367593.7749261301,183133.04687883385,8428.800410921893,559155.6222158859
35.42213588140979,5565.765471093634,47.90203398190762,16706.353295162877,66.27044374726341,11047.503221853993,52152.01673611115,341054.20900618134,58501.20871234156,451707.434454634
188.09171687058287,26058.695038668324,158.91565574003806,12473.253105699658,135.1325804414146,29370.95522375002,489407.5713894021,4392397.127940802,425580.3868323256,5307385.08616253
190.78571540051746,23297.905583752254,6.934053345296665,12868.330002904328,79.18744523918997,12622.096877058504,482017.6761247758,1241245.28821886,70130.06142974689,1793393.0257733827
182.9728780440897,23127.65533932156,116.56136701669793,16227.150115142425,151.25075828448686,15058.362153955251,471209.11630047765,267670.9397295474,2949879.7669481137,3688759.822978139
74.03174005108887,25343.49684350663,199.08750323826197,20892.894211083218,90.83673254734121,27297.90474479156,264982.4405801109,515131.44124866533,343375.70597056794,1123489.5877993442
3.0913233057734857,22830.719728289965,171.13921876750788,21064.382885454885,82.45594556633311,21517.856275972692,62335.701264998184,480092.07302944065,294134.421091266,836562.1953857049
185.66371251754506,18786.60964894246,104.2891378087179,5150.817231163487,186.9459830976602,17462.103933726707,426674.006252944,43088.32930936483,10331566.687998803,10801329.023561113
85.63682966346286,3937.346330471627,12.728181857328469,15003.38256229881,50.17581997814005,23934.140440232175,33223.60534631707,3163989.8723884877,245039.21397159353,3442252.691706398
193.3309638087339,975.7853847375575,166.27470287714198,12358.742851023058,24.089467999313086,25930.9879936792,14160.998280127751,4286370.480103048,286520.24237791885,4587051.720761094
192.72399541785057,27625.435434470604,119.79570163544211,26115.808988081524,116.90862265189163,13706.642152118005,500034.52644155046,353907.81043798104,90390.74076960998,944333.0776491414
170.601891093472,18499.50943562214,22.986599411913367,18942.56763655129,193.86436245683578,14253.250947955063,397848.2689687052,235468.68399167198,895720.268707975,1529037.2216683524
58.889778413917135,23896.11872928529,18.77145696467124,15975.121992479453,75.56784274543733,11581.528069555074,230922.43733799257,4835186.705590126,64519.077750790566,5130628.22067891
77.01954572038505,14445.670545376503,181.92536388731847,3461.839265367521,12.407352725756304,29001.184200553816,3194316.0941710896,60899.317660842724,195046.69762442622,3450262.1094563585
170.22733430337138,3519.2456688718344,133.84005258761567,18169.136679702344,67.86105346191349,20914.98762871051,47922.2101391024,339513.1986188534,257172.87443419587,644608.2831921517
63.384401031255535,3755.573766076513,165.8573598633511,3516.1171704070025,101.18633086391169,2496.6919862421687,26854.680448640745,59167.198385494296,15505.239607019023,101527.11844115407
33.8985493372185,20566.958616869142,175.79578005645345,10116.197266972562,32.38460132644274,25888.788699390552,292459.8926794282,327930.6353483377,344059.3579226642,964449.8859504301
111.36025249167002,12909.17684698388,114.35447040966444,4285.258944429956,131.6204436112984,14416.798225088041,1515820.2118370475,50438.99766851289,983100.3995920976,2549359.6090976577
187.2309548321562,6015.741801010102,103.48927035100826,20762.209410731066,199.54987780204013,2062.6171926746238,85838.82484234405,312814.3392875173,20866.741278410314,419519.90540827165
139.2059593349946,14747.836402243107,86.08548206419803,6187.563415084578,90.34789519628876,16491.517654899333,4956968.062193571,45312.26421721975,4466858.224281578,9469138.550692368
114.012234017873,1926.2681122540225,63.38931755822386,11755.78119564078,70.94571134604253,12514.928369271061,19025.9578313076,1654883.3282407902,65980.66512216216,1739889.9511942598
19.435298754153706,17459.142057431964,86.91919217174235,26870.24332856336,80.14083336689333,26332.482145878745,5570287.095826866,300830.1167720875,319576.995923238,6190694.208522191
123.00144533983395,8069.80213305293,154.77593114603127,6129.491501969109,23.029235679040227,6119.838108281621,75999.90393127318,72072.83689847616,29614.54632914979,177687.28715889913
198.01077002085265,23926.773019115644,120.38468620302632,15234.151918763373,176.65472028524476,24793.93828476549,494030.6612283402,6725693.213075022,543102.6308928193,7762826.505196182
28.016803047304805,9310.858767707214,178.5046579909692,12578.149834980659,82.9651311042704,16730.660735563582,65874.29318313852,4836596.117101431,4683805.587878289,9586275.998162858
103.66593047274735,13656.604472454035,88.67600287583754,543.721231371892,77.45488228496826,1638.3090964040714,2578217.422353039,5606.715759811824,8901.162125705261,2592725.300238556
175.47461438559108,348.6161972430191,121.4179157437508,23782.74340718438,131.93805458609486,29155.35903976454,4819.8238083464985,350662.0791329579,419898.48612339573,775380.3890647001
148.15372355084088,2173.4066338367666,126.26151061839775,2071.3771894379915,88.40668418622471,15378.457323095998,24795.061029962068,25670.113777465034,2480285.3707887973,2530750.5455962243
139.4031481990536,11774.806692200544,118.3394324612651,14227.650629308608,129.6466937615692,8726.305626947475,108669.24098813668,5399717.791224001,70181.58438519323,5578568.61659733
140.49681679742184,14398.165041513705,140.52675461710328,16820.348848168498,12.289258026157501,14082.205259677743,4362304.674168174,325301.89075661777,125925.46976596917,4813532.034690761
71.89823024395103,18000.61644357911,47.48669367496126,18852.793698437614,162.74466874444548,25735.73350552467,131279.18234510734,373859.8344570851,529177.0584240715,1034316.075226264
58.71836885289867,8749.877361279097,102.47275550915813,20658.948879236268,188.10079057588052,9147.093731551906,53704.993915859,310773.4313477518,101244.39290544363,465722.8181690544
161.87223109570272,20849.456583796276,20.844960561669534,7598.171505681453,129.7530772318772,5780.2918946010095,429148.4419277001,43286.990139866124,40652.45538960564,513087.8874571719
162.02267893583615,25803.67191567614,76.90226552896252,299.3632997534812,190.91318577176216,3872.1374079264438,453439.0740649463,2866.465355656757,38383.249873419474,494688.78929402254
173.41446371602075,23395.529666800496,97.53341372425288,21703.30987064736,30.286462873992658,8935.781951706338,459988.74231307156,306833.0372647382,58110.41843942994,824932.1980172397
182.64811051129425,1188.5647604507144,130.4448519090945,16069.697980427358,95.48323789607073,23401.442611201302,16765.325886028968,257003.93848268734,334782.61956616683,608551.8839348832
102.26847977218756,14415.208417734868,190.1062105172407,25083.531096217463,120.36134678908945,14148.79095585785,3688283.9809519374,523844.671280773,395486.9215719135,4607615.573804623
100.30325893743992,3147.905352545246,120.13021330967118,24641.650887020827,116.34732948423733,6824.448110806199,28976.05827916627,350997.9150259973,45447.76661718624,425421.73992234987
159.65903579335503,7261.3504758758245,148.71878323531195,25299.785033636494,80.29235581780864,4985.549988292476,90214.12730784163,394009.84893432015,27579.09943211776,511803.07567427953
129.99278615555303,29599.877798014393,101.25321189904055,14552.839799386205,67.61688187325228,9981.884295311373,369934.33296592184,5356231.526336878,55228.962515196734,5781394.821817996
140.39337545154066,4274.866287045397,126.82080627526626,10008.85187510597,25.36480451008376,28197.731186571265,47346.73613307216,95388.74808427176,302068.91874084267,444804.4029581866
159.15853388722022,14966.644603540683,14.186443226754687,23746.7460777411,78.34849011245564,10290.80137770073,6381446.013642982,184000.8090825657,60658.02311117816,6626104.845836726
178.00106836351327,18544.672029543573,50.878316168369395,13538.823390877647,32.53216302109703,29643.72227863906,408558.81279142696,2922046.2042118898,356119.5779729518,3686724.5949762687
67.59903137030716,21073.949116323118,72.37061864102773,5503.265892103035,146.87313529844369,14556.913672960685,240442.75613486872,37591.67953412501,1353065.7901513355,1631100.2258203293
75.1165905279888,16789.460504607425,94.49867100130271,25649.22058684423,41.766187098917996,5374.917548704527,6094808.630628155,311917.10928616906,37621.94026104345,6444347.680175368
18.7963879681738,293.1254225755098,9.129749100476747,26476.796303170417,11.71306105690677,26734.202753805283,1807.8459326594411,141386.79792697474,184743.1761884219,327937.8200480561
115.6560281992348,9793.839247319756,28.004819510663538,13989.292684205104,110.47322756344687,13810.661194044807,84910.23633282557,4192293.5252008736,88348.65222336468,4365552.413757063
7.188454759348417,15531.349301541342,55.36286155826116,2270.991819293624,119.04594654388032,21290.140305135734,1880482.2731178037,18328.19773822444,349344.53470932663,2248155.0055653546
93.11960362649204,2635.9949743450006,194.30653818021014,11634.782697507937,174.3826122561011,29511.347496274553,23291.886511454268,3239212.027631289,564304.3069158761,3826808.221058619
108.52892694151532,10518.807936275423,66.26940142061015,24106.1297838781,115.39632248353638,1505.26050959922,86636.11319067136,256559.33171866185,9983.288151484443,353178.73306081764
57.30825042565688,996.0932637409969,96.4082116224165,27053.22085638686,69.09617074468915,2900.8367936270142,6738.5166495048625,317813.80088100495,14885.588612070846,339437.9061425807
118.16665211380214,2357.3549146506225,39.219542547678586,6104.182274927875,160.6023763052641,21613.702243882686,23746.91093787939,53916.96615631188,482423.74051816406,560087.6176123554
6.100049987809886,11907.698286047882,122.15601421515365,2009.2083607581458,108.05577863748421,8454.75009886416,29164.04982717446,24475.13248342203,62824.104958526266,116463.28726912275
7.469637749842883,3981.4726212918104,56.136643103194864,26320.51359398516,15.856056926238349,5529.041908502972,13354.625652235069,238875.4430561939,21228.48353955649,273458.55224798544
164.52011213193165,17026.225447846744,41.398515687685354,11682.148169366259,113.17011206264934,1180.856394591885,10899505.754914284,2319585.7737693107,7755.805503395576,13226847.334186992
72.03812828225257,20683.949074117972,103.31452568919582,16252.828928026898,181.60370908433248,655.4013595860541,247132.03796528056,253540.56058458038,6348.989117017257,507021.5876668782
25.412102530376956,24017.600973272485,1.1011598320841642,29041.974361522767,79.26252509964411,23234.568093593727,253349.08913142487,37005.17165251028,303973.9475562248,594328.20834016
104.44865201096087,6004.507327344303,1.5328065298450655,1996.9418374266857,59.265160379960015,4033.0028210865,56501.94851519718,3063.6908322230297,19165.931342011227,78731.57068943144
153.99871061972217,5024.4774677720925,43.81376182037155,19449.540223562868,28.69389140360401,14031.618479134526,65074.29559187059,359569.9132779725,128865.42096723862,553509.6298370818
43.164205499368634,3137.0352100320074,7.344272500164228,2223.162677246012,30.289104387071465,18176.90445538449,33490.98040213541,9297.375365158889,7265535.214683868,7308323.570451163
124.57809516380006,19092.9074863091,21.605150826138274,11264.067853995011,86.55429686836378,12850.554017065388,317279.8365881101,1163622.0109744822,74258.35166919301,1555160.1992317853
17.0694929987536,21194.271794607033,67.77212986775032,24114.436355803402,119.1359648323059,813.1995700869932,188231.76004536686,259586.00840582215,5480.09180659588,453297.8602577849
10.33634423372154,947.5843447692612,160.51713591596257,13004.166982669032,16.12308103392035,23505.045077637267,3938.341130208321,5337032.683582294,215723.85782723292,5556694.882539735
106.2709263136296,28086.367387310693,114.40972867386017,29915.47061708851,187.91371780503314,315.3967362496046,328722.6975340336,352296.97015602863,3103.7195037703773,684123.3871938325
108.1270243220213,1559.1385095441724,102.53354519128328,16771.778548398066,151.02672348903917,22856.69683132452,14957.188798960753,274880.91579598637,488023.608290721,777861.7128856682
127.48598029964131,16238.890059032114,58.69776464162433,9634.864579078605,117.32478365673254,26799.134813643683,7228538.021995643,54336.681796956924,388489.566584732,7671364.270377332
145.21826674453231,21271.815583527492,186.35074388656327,6603.339777142593,165.68773418779816,12985.19763171517,367474.700657454,83854.12569513191,120960.59998338246,572289.4263359684
195.17041589250692,26129.073712382567,79.40300824743834,10515.616028584855,16.03735136242266,16066.274192933946,498765.45261023496,592818.3949256747,2450009.116567208,3541592.9641031176
103.26006966023907,21422.607963972834,17.4185533591543,11175.998212786524,95.36777554662488,14309.501778529613,305369.462926225,946560.3554620977,642697.9083041067,1894627.7266924293
64.5912945882492,24051.842492093754,123.41330322356026,2061.410331718829,126.01862537233268,11676.258558703164,243306.26367417898,25245.156085706578,83796.4096688043,352347.82942868985
159.03723895374074,10183.505776284183,22.76767869532028,11087.225982803195,165.73058122365785,26622.73606111081,115678.62530736747,1043120.3999333684,538632.3379524677,1697431.3631932037
54.16645025241485,24444.753412395366,69.04462856033842,13927.155592176747,156.69391200985353,26818.005320099714,221591.0966607456,3794168.2292811936,525895.2198388434,4541654.545780783
87.79428414112722,2403.445391540254,101.48238774356177,21682.13256716414,55.413849942679924,10074.490939246036,20559.984048807077,313160.2447292572,50299.403375091286,384019.6321531555
15.69127626845319,26844.49968181583,174.84450493703517,19701.88454164824,188.17603391184085,18452.09262044094,188093.72380924437,475320.57121508557,13287329.067174682,13950743.362199012
5.070148683091502,16427.77128461209,98.70931606802374,21262.969656874626,24.86916828617407,27807.226864375923,1866005.922941546,307175.0257333567,297466.5799728071,2470647.5286477096
192.52968293558502,24518.93309887481,140.45175320633285,250.91045630571296,175.02672372423044,28861.754968240548,489623.53187017585,3286.635215169237,562736.2537598241,1055646.420845169
167.19602410244116,13569.548535549004,198.56336779981407,6530.021987416081,194.1880499209237,15268.771212661426,3524003.749792832,85642.97036572834,3940101.7973370794,7549748.51749564
139.19484121873958,19307.33085589575,26.297823979596323,19850.528651995694,35.430704644525115,13584.744158529804,340805.6427817153,261228.71033541198,85036.11988803392,687070.4730051613
81.79058888285398,15792.079828083397,54.9463051039039,14519.681045392414,144.41321284075707,8360.829477855774,5074106.069343286,3869266.8480931693,72135.59417532117,9015508.511611776
34.658864014169154,21947.685652659955,78.91521511952928,159.4042700503784,8.057103755599693,28766.1561957123,303928.784748258,1546.9835988045606,148989.300160505,454465.0685075676
31.28740853421721,2448.899460917687,84.36563570776627,24134.83927295467,81.08456502783099,4284.429134186021,21141.634675599315,290956.8967229185,23817.32081560531,335915.85221412306
50.048579632919065,1810.562519716914,82.20421505310915,23184.28719871012,103.2566598395348,17394.88728143175,11368.749416507046,284837.71455617837,6475664.316473687,6771870.780446373
109.8453329412241,7413.0970203043935,181.52220051131098,16452.574889806878,116.12904518192681,8476.508025559166,67177.13504281791,417477.2555743269,65233.25762691672,549887.6482440615
142.91918454001248,4786.34040339565,142.80652889337128,1993.8997732881635,187.1874496497119,8370.248710433898,53534.288051904485,26344.663858494307,95567.04419402944,175445.99610442822
132.03947534354626,26153.50699776605,121.58104281814074,22995.45148597754,134.45013745883892,12149.057621285654,366332.74524058413,348574.3733106438,88973.41472635258,803880.5332775805
55.98677938918857,6576.41962074133,61.87454357255642,17511.407631940918,96.2555902438474,29963.788074469638,42638.49340398277,221710.3753894951,360546.4661982035,624895.3349916814
190.97305613263882,29275.95767457394,164.75807684425894,23458.799314738775,161.93500725317787,1648.989205194662,501865.4508775415,483099.0339557311,15153.031464294121,1000117.5162975667
147.5793833391537,10106.873753133204,191.0121022969978,22552.409771875213,190.10656419088178,17356.254546105945,99472.69269855233,514454.43271655985,10097441.656228738,10711368.78164385
110.87081050228014,5463.537470660978,164.2396565100453,24090.062158735112,4.4132297364581685,2477.1647410583155,53140.693856030586,484817.55747891084,4303.675170831603,542261.9265057731
122.34414924687044,23690.955214274374,0.31302103829458083,15540.241992138745,196.50425445120774,4635.624899715569,344633.11468299513,326624.9880955601,46566.07866041796,717824.1814389732
83.92001248555798,19761.233265026283,127.2802740366814,4209.73554580545,17.226427812736066,13186.88825318696,262460.0144633662,52388.87802907755,53229.15004008743,368078.04253253114
49.54619790023149,14945.87149359417,10.227076288420145,20134.72420139066,162.87735585375228,15313.80394039324,5628418.815174973,143388.8850780024,3758252.5567640676,9530060.257017042
71.19453573025231,16660.906528128937,51.52144406674437,18614.213551559118,56.066950510282496,7763.77225093572,5760820.90843235,209233.62877292285,42966.04000765587,6013020.577212928
151.56922209287382,21576.053348167916,11.904940069554337,22267.595615972616,26.43593155077435,9493.713926232485,420511.6971422474,162296.36058386866,55512.75478587545,638320.8125119915
2.8786977259511737,6853.642239938962,120.75909058987754,5096.430181522059,87.97112794276698,2609.0106076779916,11742.936840464812,46108.634736445594,15107.223819744633,72958.79539665504
23.214528101383248,29890.017481702256,137.31798269852135,5849.255997008677,128.7913158895227,9096.593515327515,247358.03071579488,55144.04597073798,71802.81031674817,374304.88700328104
9.20052840435055,29243.794864403495,22.897527613181023,26712.285516579854,76.190369004695,28996.753181416323,133899.33353777678,255022.89312351035,318693.5774787399,707615.804140027
8.145760463794026,19509.770590408105,76.7677766089959,22499.333953562123,10.913081656539791,28341.22145017445,110723.33331926921,273152.2131822074,179259.34211902594,563134.8886205025
171.09211680220145,5986.273527874354,91.2473017911084,27246.85466100969,119.89222793174332,10046.34870410955,81723.09447849041,309173.62338173256,73862.69717446616,464759.4150346891
140.73157187600472,20406.84727293874,73.81060435218332,22761.45963491762,180.48065522213494,17125.618088362848,355054.51058961294,268294.01571324613,9190443.812310817,9813792.338613676
94.83476581746504,2165.952269375275,24.20500009703861,17914.659179709055,76.64307318945033,27287.86173332833,19331.70702380464,236442.12907196456,315370.0354360931,571143.8715318623
19.566832130200297,919.575066174182,83.78955803749508,19623.98211083621,43.266555526165405,185.51467922690023,5823.846698860521,275349.5173848688,1327.2449355076997,282500.60901923705
98.32317502336647,7730.486655336411,150.23560956168362,26673.8377182003,88.51546918656308,24320.507110127757,65130.04947754735,472508.6199273798,327540.0030131481,865178.6724180753
94.69435415611314,13878.688702179488,14.201532906651092,17364.202635358215,9.672542209756173,28451.08658366757,2769842.0500316685,164188.08706225856,166475.49952988862,3100505.6366238156
34.640373982003034,26048.175162251417,16.03600281638069,18971.739729851623,164.09751689605497,2739.7720300067117,315660.1926386717,187124.87647040343,25330.74912431724,528115.8182333923
86.77032984759461,21815.07209298924,70.95425836719684,4694.301480108017,165.26816219003734,4843.430580987631,279153.0591521979,43105.45465411624,44927.03014029239,367185.5439466065
79.70094687947469,22281.195635999433,188.345142323785,14217.63660348308,117.60009268592569,28822.389083140664,268083.7399212802,8042062.282227307,395485.75237544347,8705631.77452403
123.17001961044329,12764.800033442261,133.71452934458281,21491.913358742968,70.6205777876779,16126.204309210389,1364189.6172389153,360697.1263743389,3380430.384094082,5105317.127707336
127.01873017352877,10378.049776408887,135.73399133451295,8128.2809494909625,159.95667288915666,425.899034151711,93485.82930959808,72408.18480595331,3891.626285899596,169785.64040145098
9.060801954408904,11131.162889538082,72.383998167573,6067.625415736047,110.93740495767344,7728.959962905875,35894.56325240418,40737.07276488138,60285.486245738444,136917.12226302398
74.92252292529425,29629.486912081735,118.73215824170768,9414.804246732467,165.18646171000324,13498.310228065788,273219.50180258346,76803.52975155353,124190.9300011723,474213.9615553093
125.17198314284728,1203.2757423744745,2.0262368055486757,7245.018839785003,126.29175851660412,20787.26733074303,12511.506811243706,9349.048770505797,346972.26876636856,368832.82434811804
100.62725171601754,26010.944883673455,127.21920928190843,6447.3791110918755,156.88109464255945,21994.811344103986,315175.81309327343,57460.577783132445,484446.19193396444,857082.5828103703
171.29796823766446,17360.262257171802,182.65738951524736,12745.525286042608,119.712598643552,29862.645387763685,11851956.578111045,5200074.5166434515,401847.34319632186,17453878.437950816
131.738726323789,13158.462575687714,122.51469366896384,27235.155416506022,82.82821364313324,8625.335981512771,2089225.3695799343,360368.8084605381,55684.909000154126,2505279.0870406264
32.58688541628594,21757.729812454094,174.739718693269,15211.789402161548,191.58917198522752,16146.603056054257,291024.08542000776,9558722.755276715,6530490.814149394,16380237.654846117
14.113749480085968,14600.068242741085,144.79461109321875,5637.611424459691,108.22276497576895,15999.70643578815,2174707.532407219,54996.23007873196,3941376.095843506,6171079.858329457
128.48385564126312,26202.697142449815,24.11168328073805,2309.150081426222,121.01790370810768,12169.357783417125,360985.78091172426,20666.699659436472,84508.38359670284,466160.86416786356
5.302262108324363,27021.055920337756,180.49066145716836,20884.684354137757,44.09752788294985,5074.856815272606,92007.61864710227,491378.0340119556,36738.310528366324,620123.9631874242
117.15511625469266,12651.627806203662,13.288768871154977,11483.962933091634,125.13015788545529,29323.696895515277,1145575.5275331377,993682.8411342833,409388.4308418957,2548646.7995093167
188.0460482849915,8304.833917051546,106.79349450955276,24654.92839756078,114.32152989658877,25599.515599997583,107867.42741436885,330185.7042198979,378677.4431370186,816730.5747712853
115.0948355751758,17770.509857800866,28.427424758691533,19785.323059223105,36.96767958940499,14949.990848827116,9266181.535714485,274271.81693670806,1938699.056101978,11479152.408753172
77.63398524130439,27370.90036850073,2.341322146180813,23887.243516241055,11.917419470628744,18097.362680520895,275508.94408166525,58149.43247200406,3997927.6505516903,4331586.027105359
128.65764368847064,6319.865670169997,84.4068520255278,8158.381182553462,120.87186394295422,6817.8316067898695,65588.27252767434,56734.99083873921,46278.53824614379,168601.80161255735
91.65057809830333,18688.997506904485,59.008141530831246,20770.767673831742,152.73845387006412,16313.612111752407,260701.37472195306,233568.13975315468,6331766.908381258,6826036.422856366
109.12335786318698,18946.806602775618,97.2000987595206,7921.859540811563,104.68027418440164,20849.103993644276,292488.79069807136,59521.95172122918,317669.81765905535,669680.560078356
188.29296175530504,21993.39067245843,115.43997734691015,28172.05438350875,45.35452506392914,15455.010851597664,471569.38062685874,351093.812549326,3316809.2723954986,4139472.4655716834
77.22052756015485,3947.030553817794,8.74781446178947,19091.22844600123,133.30439533860698,29708.555117548236,31462.560184422862,127295.69639734621,423636.4917014186,582394.7482831876
192.23811276478284,21474.748940462658,24.600659024749127,9735.354005260262,16.02114532192045,18340.249687431784,472863.09635580756,59753.69526446493,5084594.010708838,5617210.80232911
181.07012839121273,27270.97561996923,111.72847929008508,8085.355868768179,88.36674096039093,11129.211377765072,483723.00707350945,65136.2550091966,67896.68138217385,616755.9434648799
39.158226957859284,5390.493266107259,68.63347063453165,5727.797552149305,32.67335167968404,23164.560828475143,53965.666523696185,37784.85569654075,331959.0034949793,423709.52571521624
13.872260175033091,7126.299747716329,145.8346975098896,20839.228766811833,36.891810211976676,5113.875347449261,34071.61103631713,374309.7649184226,33143.88492059565,441525.2608753354
20.15560027548533,29141.852821249187,130.45832971838794,6561.468389937819,40.45878983164073,11535.474411187995,224577.2529517973,59079.97413092093,82283.21117570635,365940.4382584246
3.6443651303099456,5429.308581284693,169.12087259798136,17859.097977824673,77.34141140879558,10408.768511327575,11340.150841776123,446724.6467200542,60724.219991068065,518789.0175528984
18.88859215118568,25631.552801087375,138.49856533384505,7939.05080776072,10.230041124079525,12954.212853233317,210942.52959619364,71695.28818180822,38046.222933014426,320684.04071101634
136.60135468327138,14768.335693441044,85.98621547802962,19859.068343816056,79.55868818581963,23453.394777861788,4941502.756017143,280229.5301763938,305893.31239780836,5527625.598591345
14.237729692045797,7416.9322320953115,134.59332447888647,24448.191856216177,102.34148942294017,14525.190964902224,35656.25223918043,371860.274094038,1069930.1877361385,1477446.714069357
63.79512605875226,26122.49703817534,55.076234851083704,23340.757294339593,96.65885699326505,23820.433507978883,245452.72167731894,231581.5250259011,339482.29887020774,816516.5455734278
168.97506219389092,13359.157650079964,61.26269975564254,22825.53992792345,76.5568200806081,17294.66709419598,3086014.686658799,243653.17537015738,5413150.361024396,8742818.223053351
4.654387147165173,15444.520617890706,157.79703198415865,5631.672170767562,167.8293216141505,10262.08303972666,1377379.4120311185,67837.74105115474,103507.27677485533,1548724.4298571285
162.89369651778716,10777.00108199297,89.28390328031644,2651.5484095355614,29.06533848410082,24299.362310504173,122343.98656054602,27439.445171199757,315152.44241132506,464935.87414307083
56.37095495467999,17788.525543047825,159.6760681036705,20968.46485462157,101.1393487562748,7148.6901165927475,6275898.868077214,463800.173418207,54987.04614325201,6794686.087638673
23.63296552433125,4905.716177550683,164.48447473365567,11050.416413830539,12.40828339131086,6731.489393993865,35192.120669458054,1961697.4339333375,22200.258884158004,2019089.8134869535
139.34743307283014,11732.44609955282,171.51246753225675,12970.386792100418,14.231135775581949,15135.087721645074,108333.84622580477,5448943.468753784,1272030.817628091,6829308.13260768
125.7885693559768,29082.369670058626,183.32704716824145,934.4727838017319,114.77316993541926,7825.477378862667,362446.0718923087,16499.589868840027,61775.33408756277,440720.99584871146
175.49440270541058,7744.0029810338265,86.19704410265925,7787.293478251476,113.2036849775642,272.61104853648965,99033.69045860534,55095.492272370044,1790.7613667498636,155919.94409772524
147.01420876077717,19702.099936238767,63.773363664227766,1010.2921162339206,175.6067025688914,19448.925818964046,356605.95743933547,8776.11519341189,15723683.710812556,16089065.783445302
160.69618607696972,9755.701926740847,116.43974931882278,26375.57317803743,111.57473513201464,15332.81464417194,112507.43882346281,349257.1670623331,2697242.975613601,3159007.581499397
56.406914514261295,23204.19377059802,74.23448468752551,7301.900496555914,191.95820408097003,13365.534434794836,224007.08776892582,48237.56859252131,132138.60702204355,404383.2633834907
35.48790875594457,3926.209821550495,120.2148333600466,16720.115087190243,9.738969679985953,29009.05543854946,36834.21900411231,297092.28699415084,167863.8892906277,501790.3952888908
150.12295032817167,29094.63135235634,141.1171725287649,1169.3796198339123,19.601536956148212,17135.97551888741,444559.6168413372,15355.224117629996,4179895.5133103565,4639810.354269324
161.3669478534528,13613.686241509178,137.68100369842736,20005.421739169742,8.81317231407628,25902.947333681535,3555620.646711048,358859.3267655477,153553.7098297775,4068033.683306373
198.10102840013465,7081.513900393918,74.91057740402427,9690.820372622817,37.05537006670801,4183.507086154805,98734.71102633253,62004.17854239464,27188.4823917775,187927.37196050468
82.5235353822853,2204.9024199003798,33.37204033975056,26937.575608729974,108.25402218833563,17076.19389388283,18229.873685593087,324963.9892518344,6016437.015206842,6359630.878144269
74.40361715855663,5092.737152626222,86.1058676924415,26643.545668021074,129.1144362854856,26039.388801927085,39773.63240890874,298977.1904212281,404433.55356650724,743184.3763966442
155.28259214839937,15593.21845668053,28.51882881638175,9758.718550852433,9.11703158973376,17493.17271839694,7607030.812871082,65821.42907855962,2892372.8373167175,10565225.079266358
68.16070805060357,10110.09529293859,178.01940703676166,27028.826870714038,189.19417796911986,21540.425343810046,65045.605116112034,513655.79972597107,518493.27231844416,1097194.6771605273
186.15146512071294,24866.500976478284,69.17549214757148,29884.730204963365,168.4330753300762,11161.307034366222,482771.6318932591,271130.2269464827,109688.67387683447,863590.5327165764
171.68255036860236,12926.625709854177,30.891949444664757,24762.469923718443,59.32249643141863,2773.485511111998,2164254.023128817,305107.41490486264,13186.737721559879,2482548.1757552396
85.79880547500368,7461.428177628897,5.0895519811501755,25346.14043265687,15.437506045293592,13737.008853812142,58910.72875502424,96591.46749292102,51214.64228862132,206716.83853656656
150.17421355829947,18514.3495981209,129.16447725729685,7470.262083272697,33.97741464381146,11834.381725165726,373930.377173067,65612.29083265214,75156.24572731985,514698.913733039
150.90857481693646,21203.316506563373,127.38046349094864,17301.071965732688,25.388882750994533,26011.80547136842,417053.52498839964,319432.9867187661,296267.9299856756,1032754.4416928414
20.62477376718652,5011.257237028496,68.12083331625833,2017.6774190210356,24.65675585978937,7319.859070574167,32859.67521339187,18138.697098907865,45326.81413510892,96325.18644740866
180.51058133591334,5028.57648864953,14.342377769530202,2847.5381046500916,103.71233773314678,29002.026826053243,70514.17804211641,18276.59820194949,371864.55652262573,460655.33276669163
101.05047448957143,1100.1428080062892,81.9257789790464,29966.778360998716,49.16948849868006,28744.143594134883,10168.109650180586,296176.680887558,457219.1804820739,763563.9710198124
165.29149322154834,22092.060451969217,62.24349901267872,9799.177482777328,71.6279433058289,7428.949292143161,442401.24976152263,56865.7586257247,47316.82068949967,546583.829076747
64.00992020612235,19914.13582865415,135.42412794700186,22445.51736146539,197.9010666768645,10441.558664319615,227202.7427100096,366793.07544561254,112957.58839325009,706953.4065488722
179.1046456992401,14238.926272494416,121.15584989053806,24199.951590804492,136.86284978506896,26866.67222621655,5143390.907239723,351408.24113869626,419875.4224141618,5914674.570792582
77.84033574683262,25325.113469075914,72.918745639508,25740.698130216875,189.79613340940028,28998.666626883223,272362.0815964506,272723.14353898267,584685.1868876448,1129770.4120230782
2.167530296059672,24170.104588501596,43.57851085099802,29928.848922064695,28.511311006623117,13303.173085081322,49967.54139433583,391173.17522869445,73207.37738235199,514348.09400538227
181.07639528385272,17560.630931902564,197.60719323111837,7244.894557706035,76.42789496651386,9629.911369226935,12635998.133331757,93295.78001028803,57361.89088771565,12786655.80422976
18.25733535722671,26048.13841539776,90.80032423922297,1210.5248057909912,110.94636065647086,15782.82039754626,206841.5523062879,12637.304674211116,3567559.1259412076,3787037.9829217065
63.86272751808298,6175.2363011030475,137.65484715604742,12335.745539837579,15.351612377747603,20633.076190972042,43920.383385709436,3266587.6684279446,185113.2607425639,3495621.312556218
190.012393410161,3357.5885819318364,28.110593515672157,3902.4200948684083,0.8374887255915731,8204.235461249395,48306.4439002282,38530.59316352727,5957.967687940256,92795.00475169573
190.12142938751123,8092.488345509689,97.11793993187956,672.7766748616538,134.0868667593835,22094.195238572185,106424.09250199952,7273.582933914937,383755.5387540032,497453.21418991766
114.68757762465722,1712.6056826794456,5.507343973893097,10812.804814244582,128.36390336028705,1549.720713439231,16970.64896620177,320343.51789661153,10840.565547855525,348154.7324106688
126.36744243395985,15935.08584003096,101.09102358208999,23512.14753225709,82.15776199992236,1478.8347829324932,6685495.486054899,318079.1294778669,8275.153688379272,7011849.769221146
89.68910439566396,28098.170768848846,192.80348142354046,16985.420736752127,97.92881520640653,11588.631154366356,299446.4860402661,455079.5032087215,73482.3971356878,828008.3863846754
58.64215433961291,1180.3062200552895,76.84134259716005,9383.339676310621,83.08860011841792,10604.195761821618,8086.432160076341,61064.671653634825,63726.504718374614,132877.60853208578
65.7329090739832,3663.297420300804,7.799202514982317,19630.26016478159,4.801008968977771,9468.996461014569,26724.478564737547,119536.7986982958,19244.76772506975,165506.0449881031
134.50369121540768,13565.970848503059,6.191158183868706,6960.545409264321,67.07432124349249,14730.592880067301,2818554.19457228,18468.7530880777,1177640.0332615345,4014662.9809218924
150.474905887536,28016.250525837146,77.59735198937389,431.44338216255073,35.416451079457964,9622.007469347136,442724.4057834293,4150.54205212676,67128.19294391174,514003.14077946777
158.3158087451697,9484.683149302515,32.00498729263881,22930.601593092822,19.68483782027375,5767.737554042757,109297.91801546005,307569.2431351857,25323.135706416975,442190.29685706267
157.92362855891076,15217.044260651774,4.670419265637182,18712.292545920274,191.34408677786996,9284.086472658028,6882087.779126732,84451.46939811482,103015.21669408408,7069554.4652189305
18.241220609738072,1247.1857715117628,151.24272279003537,22869.0787350288,119.87194500843313,29247.12818430705,7541.283410401252,461255.3268180514,400481.3050109917,869277.9152394444
98.88406094051629,4450.2960288626655,91.70460177637814,1168.1405006299683,145.73125684732054,12333.402509845459,40644.463805506086,12257.861962957153,93614.21682361886,146516.5425920821
11.511752003328857,29598.903688765407,57.84895439453091,25113.588834919567,63.0727486532235,13341.383305750072,155494.67469679943,240790.01079245846,65104.629154323244,461389.31464358117
109.9057764647471,28953.560893081365,180.01663660329615,18585.786001089098,78.62942589880304,17296.3496985342,336299.3581109567,470718.30559224344,5488730.92554434,6295748.589247541
88.3061002746754,148.19942803228847,23.227792040105122,16901.860521379203,47.38479877934469,29500.223052426798,1271.815244886845,218445.8513643377,449211.36269817234,668929.0293073968
177.54083655165996,28554.353562697168,191.18376579106385,18738.42144343595,19.393134193084947,7248.03829307289,482228.2720141498,486383.81324402883,38833.42321911867,1007445.5084772973
70.18300251041573,19173.59813446501,62.793343475470564,25932.997406050923,35.80632748831676,20438.463315973015,232348.85047325978,252620.68120455623,304194.2171513901,789163.7488292061
23.413403285521174,26037.548835600664,177.68073446173625,17608.09519676721,159.50280905929716,21479.540806251724,243729.42002081606,452904.09273330116,477930.27350026096,1174563.7862543783
28.59833641056717,13642.195669015773,120.58857529589231,17428.51139664538,135.50916103675516,18219.732503791976,2219088.1960212975,312491.13393290795,9197398.617371334,11728977.947325539
152.30212634349445,15467.880857377508,165.34147194829748,29720.374711972974,109.38577519709538,2657.3501890993225,7275338.041018836,502353.2598514067,17158.9096089133,7794850.210479156
123.64361266325221,14665.397407707605,196.80263264209285,22701.90501205704,95.01797457335361,20306.168274827294,4507718.387159822,522628.7033085243,279627.49376666115,5309974.584235007
20.22453522455805,20005.92772638313,57.681087563749145,13268.814163534058,184.4868567312249,1922.8413310852643,205106.6867056374,2885420.5288836365,18762.447563641843,3109289.6631529154
16.821361222999485,4189.537642689387,192.2270970815186,21221.91000098783,14.546989555733681,17884.279486496907,24013.32116980906,508643.9079018711,4291338.91376874,4823996.142840421
140.193826291824,899.2076961803385,77.89637898048407,11676.914150753655,56.12016264758319,22187.43531665228,9951.479082620148,1762332.6060559368,248975.03207382743,2021259.1172123845
14.552601272838706,9237.898247735728,77.10238094738446,6866.26387450497,69.9875707141428,6329.096718598513,42498.42366714416,46692.02273198729,32686.55217038303,121876.99856951447
164.37201185807123,21140.4228820994,68.07742085090113,17905.55630663278,156.48516244255757,25248.66022628322,434793.1250752805,236756.09076094793,516699.0681120031,1188248.2839482315
141.24844543129925,6055.603563688451,108.28152146951705,27845.462943418544,198.50292403239428,910.6141659901278,67087.96901972321,339033.77949452726,9190.069676143203,415311.8181903937
16.269756128379953,20202.97299974752,30.82900863569742,27874.185600463883,48.13410295143061,25314.385909749184,178613.7680289697,310438.9120007535,436952.65584308904,926005.3358728122
16.967542817038385,29097.361383218114,110.74229707160224,10257.158343164709,174.8614668274161,13809.871519282953,200410.97825963216,390689.9977207075,129606.31268942499,720707.2886697646
197.32791570023508,2817.0214736825515,108.3409624820008,15830.32398665085,166.12455208635825,6527.638197949334,41302.45972383586,7083190.915389762,60693.740398470945,7185187.115512069
74.85415915122407,20178.063546753787,152.380362520974,6349.076957095836,44.93147952835332,4013.3443498190404,249455.67654844213,73663.49986331447,29393.183296673484,352512.35970843007
74.12842941337819,13312.506579137134,166.72999238751711,29868.933284966504,79.86651603984451,28599.215027471175,1714681.01182406,504702.0880014465,325359.7828934542,2544742.8827189608
162.5599134515005,26044.26763132516,88.08827006248481,29433.53723603807,81.93457385850382,2179.967627434701,454917.9610713776,306844.5727335187,12181.912997782438,773944.4468026788
189.44971547677173,5314.493683421577,60.46664987029875,19485.26789122342,195.64413370531167,5972.80259807777,76347.55211777828,231778.69533282897,59877.35413327738,368003.6015838846
197.2002127645742,20778.778566784935,51.86697946341889,24132.421790324202,36.178380275779666,10434.67042299138,473033.87781974324,225899.05954944753,71736.85101194179,770669.7883811325
150.67563705178833,25143.458689443305,38.924767340974384,21453.004838511002,159.83159422095642,18607.045468833614,435225.3616885295,343369.918047205,12750026.605959844,13528621.885695579
75.25191710618316,28338.4265842207,11.529516439804976,17794.746571184045,66.83854283462199,16344.032558282952,272215.138106645,146438.31644472756,3618436.2058801744,4037089.660431547
16.700143339733753,20497.440848689374,68.48959576694267,1600.4399096669308,146.17406915523208,3769.3047723694194,183006.6577355468,14428.242422755311,28137.617486089122,225572.51764439122
155.42938318548735,14915.242920252818,54.04953842615665,13642.930276579833,84.00220085913257,8691.839512146438,6199189.728857656,3102540.9223646303,56347.10779553235,9358077.75901782
111.68084994716101,18535.417206036414,193.28347717328148,20243.589065022315,115.671952623308,7162.553132580722,286220.6540571932,503221.6594924806,58872.61384670714,848314.927396381
84.84440184939525,26067.149534361546,111.54176525000878,20325.94841651054,166.52235466522623,6406.2856347102415,287042.5240925219,323239.57224547665,59631.02122917243,669913.117567171
181.2708770189472,17118.29239916489,69.4554078061015,11193.678552671508,160.83311299677683,12334.330094399611,11648252.6484551,1199486.2721395385,115057.41095042811,12962796.331545066
22.239496461230267,911.6117909051057,116.0935201987392,28250.759599740915,173.28463670794002,21120.943577749706,6282.504626880308,352264.0786428114,486646.32280017884,845192.9060698706
98.52502085817183,27928.460865209334,27.8393402691391,5020.71096710343,11.923465068931804,6523.587966517078,315056.5510538202,36918.54057745751,20989.4608652227,372964.5524965004
2.2707289534838138,20685.802530946836,88.80874984044058,15010.78338646682,138.41011060794898,11000.366391089443,49236.91854490815,5499224.693712735,84314.84865061002,5632776.460908253
93.73212839882525,20295.401573317395,125.24686428421276,20726.519296524682,27.997475344352573,11727.522805234868,283152.3235761937,345293.7317459308,66239.00982896151,694685.0651510861
11.26065513636747,6470.254571931515,97.77956635849027,20914.07417675428,83.1637136036822,29293.695883062304,27766.200527663605,304326.90201823186,333650.5667643261,665743.6693102217
23.763583253614385,19766.564106979717,80.35576013086485,19459.168703064468,109.71768301093769,28639.990706372068,226494.22586760114,268599.6621543247,381488.8239282037,876582.7119501296
23.505249355420975,11815.932169624753,198.76967777993963,8258.646403555806,80.54789694936615,24004.12748256228,70603.70205550811,104723.997465502,310864.33993301913,486192.03945402923
129.8420604232127,19536.98931124476,176.0629524297854,4686.197060598659,103.92233516060149,7249.767624575555,331099.5539051935,81150.97703106186,56193.182310912074,468443.7132471674
149.20897585308467,3197.7909092397217,124.68119163188803,19078.209804801325,199.30526175972383,2041.1194227500905,36624.38009440138,334977.86922807485,20637.60079339376,392239.85011586995
116.67375301943193,19735.35913809108,113.87547223645656,17979.06348418313,27.043462742570945,9507.124131618742,314365.6384157643,310208.38280133106,56351.542628519426,680925.5638456149
192.43450969490837,29982.41177312,124.13209596491681,5380.680308677229,135.09120906728512,8003.836483014926,505366.92568936956,48869.178299231935,67937.50058904257,622173.604577644
74.97411590474081,1446.3611658166808,40.26242156448665,21154.1743671169,79.20019327712305,15177.774004391817,11343.470255521312,349615.5595823301,2016763.8246352947,2377722.854473146
57.14241725637215,29315.22552663952,79.02754865286371,13655.159752009693,26.601959781465755,23331.837302033793,235051.99218710867,3792928.210814229,293254.78729706723,4321234.990298405
173.71982563789206,12207.238821686118,7.891906578179864,20032.81774809459,31.747352674861908,25749.68816636574,593694.8865038478,121273.15039011493,339316.4820038533,1054284.518897816
44.71916770389053,26122.603510117773,95.10920749736533,25121.01239310452,189.85462124912337,25345.922562315256,373795.5140365629,311880.1574889397,565460.2816906181,1251135.9532161206
192.64450788812226,23471.564521748205,108.60491679153263,5091.852857307695,175.9202993423524,10790.266836692033,485202.5106719019,43601.53512485583,109376.64763383401,638180.6934305918
2.4308949379632683,17010.487829600035,45.54994722064192,574.3460399051004,181.40839208300437,20617.030303820487,1297746.3200468998,7723.347458904759,475341.3749270872,1780811.042432892
193.97576534152782,22153.476277539794,192.80576943310274,23373.077591873604,198.3065551654773,9385.0259257266,479665.2842761701,520611.31075047096,105451.31632261557,1105727.9113492565
8.631982390115223,26355.466839040437,181.8909221874484,18290.922754578478,41.66307800170359,1827.1662970554814,126407.01598166185,469232.4207488267,12769.73476240624,608409.1714928948
178.22862273961422,12124.209649530989,144.42864709118118,20989.18708866365,71.08786747281235,21046.95796808827,416249.6731443265,373157.9927348943,265848.6161761481,1055256.2820553689
105.54022181725998,9810.994846897162,106.67732575307252,25144.649249659276,133.84380598497333,294.82657709363536,80848.25414342638,331123.5116883122,2105.9460053434427,414077.71183708205
198.59295922386008,20027.801566907543,173.99383192953698,24084.328044735015,96.76050797212945,12275.477623754658,466360.9583048075,498417.5267903903,76021.95232106461,1040800.4374162625
14.759312947079772,24235.378258237757,26.130468764692584,28827.60440786474,83.6779066756667,9881.378079062271,177335.5574692857,280573.6850507729,61036.51522426624,518945.75774432486
110.77085688026416,22868.55404329847,158.101958854977,16078.052365563546,71.56224986711861,20801.326155565574,323563.9715182244,338652.61928339885,261498.37021546147,923714.9610170847
193.8605071238198,23934.409465759036,24.96416279336966,14654.86897979716,118.75612638869045,22987.36418281137,488856.4591179166,4534507.115169677,370103.4921713709,5393467.066458965
104.61956883402976,13067.49944438799,158.84213250988108,12056.615996721903,115.1186857280164,9122.839079138515,1703270.569976884,3670395.9763176814,68006.92602649139,5441673.472321057
125.8797276270525,24535.026485250648,55.15351365027139,4610.7312853261365,32.29156681284802,24348.810433345607,352674.366629117,37137.96469521382,336662.3284343834,726474.6597587143
139.14973779692343,3606.271661118253,175.4181162036378,17178.216986460673,94.34796750368781,8817.502815148013,39746.57752732231,440446.34114625875,60256.078744211554,540448.9974177927
90.90821295355465,16334.672938825486,188.80841876507958,8310.375729779364,110.69435524196997,13389.790799596836,6134942.686494242,102725.43855482817,86484.32920005715,6324152.454249128
125.5116160168127,172.75981494364711,29.759193881023126,27639.225366389262,114.0573877462781,21810.55581042402,1799.0145824949402,303131.98112191644,350322.46684208163,655253.4625464929
116.86286238462004,9737.57489700811,92.53512101307871,17495.724128312926,42.02143858247036,20787.606876743655,85021.04626705206,273150.1673083913,351362.96995918534,709534.1835346287
180.23160209819778,10993.846046141936,196.19747563253702,17785.205415243305,148.45427845045737,29621.054169366,130719.73594460031,478420.6833071214,446818.1880231258,1055958.6072748476
9.089276068291575,11885.180748277662,96.68148719462933,10647.7398263103,5.039818964213927,6754.830726477956,37888.22549616516,806389.2216637332,12742.321074043304,857019.7682339418
56.19263791844607,20864.016200695864,172.70950450290903,1559.6805593312247,70.96637110863253,19869.53740618747,216344.2065614984,26760.706653836394,9228853.246342761,9471958.159558097
190.08229681531174,11656.743038110371,117.74630442626398,952.3129611896586,156.0425297071267,18290.45724827332,140605.95742979372,11380.80392840706,11751995.269188039,11903982.03054624
178.05275677818327,13460.80867867592,75.06598158392038,12700.054324595925,112.77858421108047,27452.953634700898,3394380.7669379315,2744535.0713530923,383142.3464640644,6522058.184755088
91.13135055714258,7126.323926229824,57.15671110517404,2536.9613429171354,52.23248650217205,4690.864249346251,58947.22149663874,20817.190646529772,20927.320967603762,100691.73311077227
124.02651956030735,11197.553748880202,40.644618217217456,18205.408666204174,138.99062386860953,22553.944907607987,97919.66146782174,332633.7003423259,396130.79151915485,826684.1533293026
55.476236596226535,6818.088817894544,152.35963827553945,26429.190169189722,113.47818883121468,17048.05848806305,43494.73674741645,475031.1248114493,6104453.738361323,6622979.599920189
37.62423194475226,2195.877713053309,77.30810136460558,26487.444495561664,159.24872189127743,8239.976093637162,21411.261353293292,282420.0460896101,87866.0088006258,391697.3162435292
92.73968098799644,18103.45780144134,102.25509244015024,19771.362303966973,147.00503723796467,14233.047424415223,232312.16398693115,306205.0591772625,626321.6496824677,1164838.8728466611
70.67044560521056,20046.383956650487,98.46509600023639,6336.95494418793,122.02158440724693,10013.297912093934,240833.19858085795,49568.82601611121,74355.04031308237,364757.06491005153
116.73122237017441,18584.710380288434,115.45580584662625,25889.904940766162,97.6355350621628,17379.402083653826,294857.6741926425,346697.92526283977,6268514.777956776,6910070.377412259
15.546927392996967,13904.82131401717,173.11542912491043,26582.803059396247,26.63642513350468,26670.018324439974,1712764.8450508525,505533.95343535114,307275.1150304219,2525573.9135166258
194.8789615332333,11393.573405376894,196.14786871668588,5899.607548588761,52.26660357707675,17079.14953236606,139813.69963498888,78242.01995039036,4183805.7481491934,4401861.4677345725
197.24214889592056,25900.009487154755,81.51684171476339,22122.78257312032,83.81989458341705,18951.67254979752,500653.06106031017,280755.79888978024,8473877.22459119,9255286.08454128
139.63234280394903,15572.453554086542,165.5037844212606,8595.586467813688,119.85985740127774,15562.435413441284,6422254.203423283,99303.68495137681,3261269.0929911328,9782826.981365792
107.21927326882408,14375.456328891929,152.90555893094353,24079.20937058789,102.74157104306096,1534.9651933642772,3724745.609444286,468410.7138269602,9605.627851158759,4202761.951122405
61.90552325726555,769.2619741930706,114.70579029111465,29917.13699710808,57.636905191905896,6985.7567062828275,5429.7121108313595,352773.4839657476,32738.814381755965,390942.0104583349
162.75900394138972,10237.43482878469,191.20942872238663,900.7801598817844,1.2928715579421102,14760.051882962483,117503.8343663532,16229.549012650063,196192.7192255267,329926.10260452994
136.94623451077587,11405.868563575712,40.09490310568056,26920.975973727956,99.24784438016279,9307.058512341144,104924.07158162098,365433.9694697603,63952.391015655725,534310.432067037
32.52338786897826,11964.683426907015,21.85284206192428,18678.916007959742,57.12519771244862,5452.907932835827,88358.74496510698,226548.04257644198,25441.36382508995,340348.1513666389
182.1854368987685,17405.17107681997,170.79239339108443,29201.478574944635,146.92166014210702,15123.98525755315,12324247.922714302,509056.2329105685,2626480.2355017806,15459784.391126651
164.5074485846338,16008.076401806355,87.82996332674966,13950.285525792828,4.789253054096698,9684.29380343551,8718403.619309574,4325086.905492551,19496.605595253066,13062987.13039738
189.9599826583848,18237.15278380334,169.3937708414121,25421.63791714121,116.96556226115817,7743.229295202442,400538.346257328,496728.5092107518,61970.5600465741,959237.4155146539
145.143901677672,22946.497846263846,178.61804103908298,1871.8220579483168,188.29484750121307,13919.562523211423,375763.69666492374,32639.472506648744,134869.72786495558,543272.8970365281
122.68303918715797,24389.572161482803,12.491518723814288,10058.371502348871,34.881853422299905,3998.5277424651945,347301.3582373678,75666.40641544483,25030.40926533808,447998.1739181507
83.64860725812377,21543.69228679483,176.69295259721213,2010.496132536299,94.32989815011908,27832.37199226222,272475.4134036862,34875.585114300295,351507.9809265898,658858.9794445763
186.54569667080264,28665.710878648042,89.66381107388443,29260.294004372117,18.284398363427634,26031.06293757717,494582.8150613763,309445.1701126768,241759.00843182887,1045786.9936058819
173.21277790008168,546.9774802908489,102.08649780084644,24509.217218155103,125.13638245227052,21228.61757221606,7513.360309208869,322193.84317609214,356908.15672540537,686615.3602107064
9.043734021237881,5873.339570506383,125.31850221864205,25576.422637379113,110.10633611924511,3186.414827653686,22350.47090365573,361086.4583114597,20642.84785510224,404079.77707021765
5.273394899450401,226.8862493442636,185.27652134601735,28138.956943016827,81.47310484256647,23276.317634090792,604.7765154365574,526672.2466907367,308453.47518561105,835730.4983917844
75.29267337560992,19424.24142463809,3.823218885952806,2553.1045835935606,104.27540429474824,24238.71984327057,244247.81916433826,7030.708833966656,355066.4879990725,606345.0159973775
162.1106661563666,26940.916468499607,95.36869366356342,11567.927775400001,179.31493169380204,23032.93853143013,456816.2923091794,1835427.7660929807,530317.628422575,2822561.6868247353
197.4552258629889,7304.468897288978,137.54440848611213,2131.046671320064,39.258860462213406,3418.9766135772347,100753.52458992186,27612.119515369042,23030.047859928414,151395.69196521933
30.083378220705637,27811.036343889198,144.5413915396457,6323.7930465008585,4.512902341069447,19317.23871203294,290599.54162447515,60420.21228459921,2834218.4557254836,3185238.209634558
118.82614307042702,1808.0217086868256,138.5064863074216,6880.973311130171,172.33297693982018,25029.743872481955,18269.039587680058,63441.78865343076,538648.6260435178,620359.4542846286
76.1781713262043,28033.080804165427,26.88702588162437,14073.21633142736,115.4234164775813,17320.602036590033,273626.63363147964,4168975.232822987,6698915.145199791,11141517.011654258
193.98287956292063,10548.680617189033,59.87911767433624,8056.865023609277,178.13169109236847,19392.22125684267,131303.63045280337,46943.47432497839,15664015.832254495,15842262.937032277
168.42378462714174,3042.6248534764954,71.7431050834027,3029.3432045328327,119.38904468263452,13750.904382789186,41211.78058265732,27977.417165908533,91558.34758805955,160747.5453366254
167.66574094222756,14576.15277558977,160.887441535901,5024.732672823231,162.03221799194048,15861.219596521578,5705518.0479785865,62433.58251936768,5258788.2283235,11026739.858821454
93.73863195899406,7703.297031615239,55.751974482910605,4418.266906562728,85.93467267102959,1031.3057505517565,63280.461471976036,35788.08327049832,5902.121027909839,104970.6657703842
82.96390046753304,8546.187058857686,42.14099277344063,29192.30393736895,149.97198625765375,19168.890659198536,63828.30758509924,381613.6544755336,11829089.823686678,12274531.78574731
54.68141438614125,9218.698947788596,191.48960380761923,22778.77520755421,182.6082933779712,2443.4163867347756,53701.513934830895,516173.9691435567,23729.987583112343,593605.4706614999
11.275099330185423,24090.776934979902,1.77265702269378,29032.843958086858,114.42459274444126,13050.437830206702,148273.98459742425,50186.14437193957,86329.29924597981,284789.4282153436
172.94447525101063,16174.838300257634,199.56417113639563,13192.214595237256,36.15703011247591,8779.652930022236,9305529.233030187,6288524.766201632,64143.82946052143,15658197.828692341
162.58020182601553,9339.23097468011,135.3642597714791,8351.054449879697,53.759523006039636,16362.838506351392,109470.59456514425,74023.06738596279,3270540.6755735585,3454034.3375246655
199.9435346572261,18310.01349932755,165.69385988982341,23948.7959162756,39.72891537948116,4002.4900656962127,418052.4081339377,486341.2329042496,27160.257867211894,931553.8989053993
199.32736741478107,21484.520226695808,58.92387926923863,9787.617541234404,49.371405519146585,20749.302059199545,481582.82737069356,55209.52865093807,386842.17215540644,923634.5281770381
111.08634112052549,8178.720022006013,2.8630555334119956,8981.501211160448,61.28308987020728,23850.34610785411,72563.49497700109,14048.659086899113,270427.19035716495,357039.3444210652
153.7974830361021,12406.473045760546,147.57390371230602,6975.179766234935,111.0267573506377,4900.633492294694,971185.8509198566,66329.29700518222,31880.7143357977,1069395.8622608364
188.95314597648562,3656.5828001084265,166.82891940013516,3890.3693467270605,117.59832589276655,3129.392620556465,52461.219477922255,65648.80166734914,20952.14683830182,139062.16798357322
169.9294781354823,5434.480486040409,148.09522639070383,7693.891830502979,85.29994944837223,4365.464483620774,73937.50294997486,72257.5580416431,24890.899106333734,171085.9600979517
49.46962034863953,20433.535618949485,28.570057460167718,10659.59245421663,123.08415596416708,26313.826856955053,374208.23630105145,758285.7899811539,396013.03009001527,1528507.0563722206
90.1088270620187,5443.150430868808,150.68558445139382,20219.826244371914,16.314985122273185,15845.677852690686,47234.228657705025,446344.9541130513,2217595.166025973,2711174.348796729
25.831883030298997,15754.901510011805,153.7845564215282,1876.9452665835474,17.557647411631994,14017.829880225077,4646571.968490251,30458.267551899276,78113.84689596006,4755144.08293811
190.81020545174448,21271.387851672982,131.70810313401097,6315.208189960288,34.36589207153169,3201.3545730706282,469537.5409787418,57501.95757103604,19855.86738288441,546895.3659326622
121.23492689017601,3206.307692842315,153.22318655911724,24270.709208750293,103.61549960806894,19486.680202708852,32757.660843595942,469560.8626871744,10430642.95904888,10932961.48257965
45.728561100692545,17019.366588867106,169.18428793554642,4407.657707513123,42.79893573966271,26039.987756852697,9017670.673891982,74880.40375476898,409667.5888898217,9502218.666536573
134.34013688117133,7696.883511040913,122.72082284749169,10279.354395675646,56.656880698515465,24845.576079703587,77090.64444232425,440590.83486230904,264021.42949787533,781702.9088025086
123.62564809157917,28887.806257127395,17.720942793935812,25939.767655744203,80.06256723459882,18781.64126942404,358674.3351217141,215452.906944441,7999919.905887665,8574047.14795382
71.6325436065681,14506.369401597742,97.52556193344218,4647.7593343032795,162.37322480207595,2258.361499550209,3143667.830281226,50357.87368310244,20778.55828699915,3214804.2622513277
22.711518439925804,24179.776493254743,15.529866934321014,2482.105068545697,2.7724271825720237,3371.9108152803888,235576.00378657982,16763.18585653455,4391.172696139547,256730.36233925392
134.3146391185599,16506.79626468785,81.50860620648616,14536.139852400325,129.87576404732448,1479.2696132947403,7902410.943290342,4767363.621979167,10408.53656610594,12680183.101835614
104.06154018075866,1302.375985644575,81.42129782512552,9072.585338356092,133.77530620813707,7724.376494774079,12233.305848837648,61092.59480379817,66180.16505517662,139506.06570781243
154.46367834712785,18994.54126782067,13.201968828048315,16902.250934515625,159.73115607132732,4069.8440148113323,394631.21112855384,152165.26648490826,37163.80744302878,583960.2850564909
104.03270022239867,28542.10026619971,69.76410679389586,24114.146714504255,186.55058781206264,7801.441207573017,325642.16025097837,263526.9224812103,91432.43581890695,680601.5185510957
170.43630006370802,18048.354604389937,22.19961975826297,4114.454644582295,4.027569789857965,11551.74167156885,340385.2770566341,34927.37581039086,19700.971602638016,395013.62446966296
110.38136775489711,24575.665782803706,161.64704200184443,17420.97253662855,30.756741102643236,28289.48352213407,328187.09732720983,429091.1081430287,340655.7144493132,1097933.9199195518
112.18759430707725,26526.193900452236,189.53760519289415,15165.262811695917,177.2342588111986,18311.281793450762,335708.68246201833,9851657.907481523,12521285.193469718,22708651.78341326
175.33072053166902,6842.393158467974,14.463295051587721,4322.363580395987,91.70371243740307,25049.213570488868,90680.68825055785,27892.066561639742,336844.74959883577,455417.50441103335
80.6965732424794,6361.345197246799,191.0230414583403,18719.954565869473,112.91812778669271,21310.545021369966,50967.31740107915,485968.03972738056,340616.3971400336,877551.7542684933
26.803045690128148,18329.42966552975,104.51531986734904,8209.21253582315,132.60544074462948,3375.0939157989524,221656.682998845,63748.31060468613,23996.450738967953,309401.44434249913
5.756535262667795,12330.85409420114,59.91313559077478,14635.029556320374,135.8133208991275,22077.612191218464,177753.4193497841,4149280.123893193,386004.8804252305,4713038.423668208
151.0274511347238,25195.83908600161,15.372415055232702,2468.1697283118565,186.34808066330163,8252.966446773733,435902.1293893752,16560.708643555736,94548.33448047852,547011.1725134095
124.06191027069293,27000.693701940334,100.12485361408356,13787.521716408692,199.38988348233394,19173.23540984119,355825.1646990766,4442427.458633988,15833973.864308782,20632226.48764185
140.81595361984472,10602.641379081544,158.90310889814972,9193.90404128461,144.03149218618805,10228.859209289656,100604.56453815168,103299.2715511131,81927.35807383266,285831.1941630974
42.592832301782146,7106.116769234462,141.41729545333962,24671.43633556063,57.44424184103016,29930.167897939777,71298.73398683182,382169.36823807243,278439.1450177269,731907.2472426312
27.27429511735395,23415.765457315854,10.045202292794752,1709.3618099210485,175.95048045886873,7906.5443849033345,263959.1451419243,8735.191313893763,89719.97583526497,362414.31229108304
2.9089331335763857,8244.181066444084,14.580367073580703,12558.218247549898,9.844182908152321,8373.91412322809,13492.819834430726,1786099.723577919,27802.803130085707,1827395.3465424355
70.11751176131939,24678.429555410352,80.57465652652742,13752.94272394314,46.21617057489924,27920.16766687195,255888.2355749609,3932101.7561590136,437225.79600387503,4625215.787737849
117.98353737092661,12712.147609462885,59.05809880958866,21750.182288973563,179.47714349274298,739.3321390896801,1247486.151187946,236476.25614748243,7123.3146208380895,1491085.7219562666
78.44880901994647,20026.496978744115,46.476864611209564,17228.62725270633,51.23830288787099,20900.669636195908,254933.2730027323,348096.88172855636,223192.03089909596,826222.1856303846
87.49498440474581,2866.059415040045,56.20089978174272,20016.37011582543,44.130211924349695,21759.791722076345,24471.336944621744,225200.1205890101,384028.8204387872,633700.277972419
180.83173889874968,18715.779740297192,160.69654865937693,23311.478569552684,27.625058628049448,25091.35732231198,418698.116812678,476746.9663250217,308810.97945035313,1204256.0625880528
69.65109340466007,13553.030362116873,185.84561072637078,25866.089209745664,171.8223515293833,29233.17931915426,1946735.5799211515,520816.3921002986,559424.354835331,3026976.3268567813
102.79789783196216,17598.253895264224,81.02053890551329,9416.264901674114,100.01165183821735,29268.05757469957,8450497.0257128,62964.78025631829,365841.0581309043,8879302.864100022
156.7306025482286,5040.4262323459025,181.22220042649943,16140.681160917089,134.97864061083095,1958.3027269939168,65857.67408187196,380215.40982609376,14047.36002782336,460120.44393578905
79.30855646425402,22106.21234832546,64.2991402495764,25203.242353175996,47.813276815005935,24655.179682587073,266749.122245648,254555.8618554455,431364.3578919797,952669.3419930732
124.4173400455747,25883.912326296857,95.28739726875833,29683.533928951692,151.6080842022433,19389.29800972144,353914.4793168706,319999.59029078466,14535838.84839036,15209752.917998014
172.47274174934904,6502.1940027232695,45.205799563199946,26685.579331312892,152.0011089924197,19420.264031192735,86829.46628437405,394075.33664513193,14636086.66232998,15116991.465259485
189.9041247315284,2871.436665604852,128.0952084351688,11144.017878731303,62.519604981660024,3850.497798440844,41300.279580865805,1584132.9428031559,18794.531734183627,1644227.7541182053
29.414696185807585,709.1575813900919,195.79622303496177,5854.995516559512,82.13652660205656,19505.6149933696,5877.847532572934,77686.8245159812,9318109.497451173,9401674.169499727
185.31752503229887,19259.14501329798,120.69861920867572,14681.776122197662,41.93805548604017,29474.477418037433,438307.67243871687,6032690.2989203725,416385.8026867703,6887383.774045859
98.42325861590764,18212.821082663424,71.56281682270978,22249.243555081266,195.31220466458086,27354.55708618341,251867.91889804805,262704.24347029196,584867.7499771235,1099439.9123454634
51.64887765979167,16400.9223814221,129.56348919810569,14777.072122598927,129.12051541168233,13173.919824145516,4562550.962980227,6384954.013011533,92327.11991583642,11039832.095907595
91.82715124765227,6958.412883479263,24.584135693077513,14495.425899410055,186.9087761431031,1198.4391985828302,58212.89095425567,4338497.773939626,11764.38761742281,4408475.052511306
196.0065150570954,11727.17987716544,177.73181605307974,25146.912632454016,60.677108725826635,10868.804700006145,143467.72514994012,507398.6886682232,55363.18102865448,706229.5948468178
98.52361879857392,17834.290055585192,100.61679015596727,10842.11337201559,156.37818259937794,24791.709348016655,8599546.317769196,1048051.3598515061,513447.69498038845,10161045.37260109
65.75032205750165,14903.005765775082,89.86994840792842,25793.84024434937,153.1717287769484,21044.973043954982,3461936.563706853,304151.38131345744,457422.74809311,4223510.69311342
126.68017086334515,29633.56560644662,117.17295769070384,12204.144028551707,138.3311303733083,13780.309667818692,364771.85445989843,2839259.225650352,98710.36478730614,3302741.4448975567
48.029123755638615,4093.192576701994,124.9567725578805,9846.993170350182,193.12779505336007,1653.046054764933,46890.30851610722,82068.84208377507,16473.335216753334,145432.48581663563
15.172665621732783,20854.336621427814,14.355161245302606,13619.69733599097,78.71106722126311,12806.841834699078,173066.9531561006,2484164.6552076135,70641.45918661731,2727873.0675503314
25.775944382129843,12129.563043128765,136.5234442446805,22873.408760246053,26.14346471795146,14070.748191536504,233446.42940624343,369832.33788345853,183091.96120643683,786370.7284961388
25.609167791554487,12845.988447768443,48.386336063105915,3780.0608359198286,134.34177184881216,27856.66598682408,1099517.5300364953,52834.992908050684,419602.75505962194,1571955.278004168
30.38053870245887,21527.93296974529,142.79052650131797,5892.576476160521,145.86196009544125,19232.583107464783,276902.7088102776,56620.039497968966,11808278.731656924,12141801.47996517
27.76543452988203,20773.084539731088,164.50695887683935,28543.34476989276,115.01211469176293,9349.587499639467,257473.74024889444,498427.8306642058,69047.81731310485,824949.388226205
128.17494896064292,29737.67981106565,160.79170151050405,5264.748821440721,41.363578626679256,15759.547933521642,367302.8148556134,64803.213448639806,3768350.576488467,4200456.60479272
36.37601687982897,3851.828683623757,110.50019348157782,17031.81953793164,100.89118833387107,1981.6592346648022,36730.77466013279,291835.66278077994,12288.75516312674,340855.19260403945
69.13345666477264,3123.28948152499,104.03397846215023,17379.433999858134,62.43794731382588,29177.047069492106,23426.188504523834,288679.18992474495,288851.8230352861,600957.2014645549
179.35768198120238,21730.164513862233,28.575192267882343,14688.733861507344,85.49330563333781,10801.79705792178,458522.22240674344,4979514.412595644,65448.189542203145,5503484.82454459
94.79232805257448,17351.607510192272,155.0692300806271,19342.35745730456,129.04371516893278,14336.020647394074,7729674.871993098,445698.37933936954,803460.6407233813,8978833.89205585
133.51154770420544,8224.819996794176,54.28187608934287,6894.801773928552,149.0429485381669,10658.519227107678,80620.47575502405,39037.424185628486,85654.55052643377,205312.4504670863
34.46397424032597,2382.581069669598,99.33908456358931,16579.868033302446,46.44493818026862,20475.351903486004,21924.688477499367,264762.42338719947,359702.3420754663,646389.4539401651
38.457803761734155,2569.747487892916,56.85481858550334,11165.197657406914,81.06507212939067,19866.96474988779,25421.77532137876,1056388.8155820062,9859661.700548142,10941472.291451527
8.173723253295773,26825.726239923548,26.76567259993863,19850.01778887567,53.83231419832584,21459.66931587407,122287.65817416979,264191.3940325945,236974.7149361943,623453.7671429586
33.78701261443291,5756.019741562287,125.91153937834731,4236.706301194484,39.72632277237382,8044.296888357625,52278.31197870012,52428.79167664005,64435.2312047487,169142.3348600889
55.71806780639172,9701.146863465623,10.866406964580765,17126.322505184286,156.67744399916768,9470.05443492198,56401.678658843826,136483.94992141955,95162.33397064377,288047.96255090716
35.40209685534936,6799.692066809641,149.72904682524,5558.110661499712,181.85053888739847,3757.5369328862384,61193.48244754037,55317.468762848795,36422.69060456426,152933.64181495344
17.74050675141112,10649.88917495812,63.517359052223334,8359.291893451093,74.04643713691534,19665.299155383378,54022.381062263434,49979.19394978134,9101600.733844103,9205602.308856148
24.12717422012016,2082.715282382801,0.026938600897064013,6561.294009707497,150.25578487475337,1193.9138200695766,15146.258272913941,541.3135837660266,10599.629977989338,26287.201834669308
92.15575360654515,15571.79372724811,102.22582784744596,5485.133396064513,179.39905787288222,17930.470065703772,5108740.844738489,44869.96113114521,11490960.119904483,16644570.925774116
41.2667436811585,2028.3769077664472,9.370381705520625,24771.32854682001,169.2248421060463,26090.876545549014,21021.860232031755,142197.5040124768,540886.3733521395,704105.737596648
72.8539722096151,24010.695234670846,55.23391156417989,8571.22702982671,36.56267770784518,26724.964448689007,259871.6472489922,47500.083473244995,374153.1081365294,681524.8388587666
100.68345417097137,7011.362457312991,141.39529749114322,27813.71345593348,191.25837630267227,13471.13281109885,61563.54286659414,389454.7955746582,132664.95022461473,583683.2886658671
138.07896572587305,16200.357438135317,12.537924324373172,29097.795760355726,75.3352880858925,13779.110646392213,7485419.49711171,175580.73696320356,72830.53819431912,7733830.772269232
7.862427968219787,26402.372626843746,167.86769847120047,17137.81409811292,67.84813223476726,2309.075490240521,118886.49136585275,430173.86058608093,11741.433288054328,560801.785239988
159.88207978180853,19526.321071415827,0.7639845317166216,4290.033679971792,12.486265455556067,20122.95076329107,411671.78535529476,4214.988380055953,142511.0065316781,558397.7802670288
125.58007789818156,15988.73359654006,49.36477384038045,11236.447301387438,97.2347308209766,24637.782611185365,6751954.853940979,1933592.5098926362,344918.49600012065,9030465.859833736
16.35180638977438,9730.012593461268,148.1808112304143,23931.96790044642,21.80272312818574,7339.651638141391,47742.86498647323,389410.6948318301,42064.295907155676,479217.855725459
174.71572482135545,9990.057391745939,63.254029945861355,11021.721860912114,49.707964185485196,12639.02644900094,119470.78315130135,986348.064700858,99632.85809571116,1205451.7059478704
184.17448010636264,20084.608655945704,20.378477613202705,2610.5165490836625,63.388524353456276,25165.18010295811,449806.734049795,20979.158175792825,280449.8393494299,751235.7315750178
12.21559197097275,29824.180836635027,72.04678376008557,16703.547327845637,161.7652646983368,26313.61402986864,161866.74755499462,227239.26587540758,531015.0962993504,920121.1097297526
55.37552962944075,19855.175695481357,54.078657276905105,25353.625544881044,175.0977300791793,7295.399407926778,209418.7639302791,232867.46024603065,85361.21703625572,527647.4412125655
161.24025595861227,16733.50252110075,168.54238043211097,23877.79161430507,60.493263492293934,16517.11903624093,10169553.821724065,490065.24142519874,3691635.5634723576,14351254.626621623
149.65193807673168,21919.515307177382,62.66958351702863,5253.694203910597,171.73962424891477,5774.794519074811,377335.90849574766,33590.94820992918,54521.72040742288,465448.5771130997
36.90420387127546,13956.168368511544,157.78649435520146,20182.938432374,171.44618747395822,3056.362924186696,3109426.4297471144,456066.64476721693,28833.41514024858,3594326.4896545797
41.86986466734206,1804.2702780235563,178.37442896214694,6615.127903069413,152.9301900769747,27333.615041758727,18879.179608093807,82233.90756283436,522489.59820895223,623602.6853798804
74.0944205582764,16868.904476337295,86.76348391530591,6546.226036565167,29.339022803036308,24615.225126963276,6148080.369901227,47691.60268646244,318484.0003459947,6514255.972933684
96.90459703820426,28728.758535161407,181.9886287708784,26222.153199155553,138.0645693801458,22801.047054095216,313455.20581476885,516719.4713189472,397320.8262186155,1227495.5033523315
123.65095430605919,5259.08827072979,75.46361079263858,7490.0685822069045,189.00481291611376,1462.9895643942125,54316.70407859056,49721.89717000116,14435.235596002158,118473.83684459388
73.78272791395449,20700.14672461997,192.81568329802164,7897.420395540335,136.5080957534314,25311.863781307726,250491.44952704888,99284.73373345529,412385.4760618657,762161.6593223698
92.50694322662957,6028.010659771694,17.857904905114587,19.601722838986646,66.32336982156679,13141.322277161513,52988.73486571361,144.76253297577892,66043.5097386113,119177.0071373007
149.4941876267513,16074.830534192439,137.40385330064854,26120.07102376553,100.11586348616626,10271.85369887579,7589562.822572873,380089.01678398997,68488.63693688878,8038140.476293752
7.33664057811958,2900.2934894015884,98.76280809138574,23777.844396274042,129.14500867021073,16394.290830761292,9613.47173006337,314929.1983634259,5136291.658582399,5460834.328675888
50.48738886880415,13511.128087745554,77.52976109112942,18819.86805272034,102.11408174570072,2740.597281706675,1588572.699587631,260106.63205740685,17097.85179192254,1865777.1834369604
142.66991717691047,22684.89986685738,126.54237574972018,22507.97291816527,23.990588346193963,22699.396480571966,371133.0308229194,354290.11120383826,271139.2739135336,996562.4159402912
179.04136753743987,10427.145727169462,140.77141832686624,4561.457022734754,62.412808930404125,17473.052306648875,125010.97707266027,59820.49113601481,5148368.61175379,5333200.079962465
102.33548842313323,19947.35173461654,0.8726539300618175,13749.707837627264,160.4792061107265,5597.702906195025,294414.63519492635,428421.11592042906,51225.50918230965,774061.260297665
106.42269705306313,23863.498823691876,33.39061774943974,10536.581620463427,172.28360921910348,5646.965993071368,319695.7155858647,695479.1644553248,53392.51617305239,1068567.3962142419
21.43440226795521,27815.33458438358,142.60921012686373,2813.2957877104946,27.460006543114048,5527.459547180227,232348.32932660414,37144.313458720644,29831.3984796416,299324.04126496636
89.48247336469093,7039.2624556636065,133.27708271564128,14583.914556447722,190.47735047974493,1710.0716265580195,57856.24664253815,6220999.846222446,16933.56479106591,6295789.65765605
106.52345329100463,11979.477474279245,193.20950102573545,27622.189510279062,65.76452356972186,17633.953481150544,95016.78009651489,535967.2938046501,5526509.3172478685,6157493.391149034
48.49410072694593,4572.480399912523,152.2075580501566,1201.7735715208344,132.462747746144,25210.445327655245,52715.03049031155,19405.562097983617,405712.4186703327,477833.01125862787
53.84864618987619,29774.505064751258,190.1545415462676,8743.827404813817,150.36502919133622,524.946419621658,227966.33975995102,107749.87414964581,4662.061423489528,340378.2753330864
75.45683262092453,27810.02903772886,140.50810030696138,6226.228086171104,162.3892469275767,1470.1393491382064,271879.50032407034,58770.198971823025,13526.959070343544,344176.6583662369
4.014239555545274,16198.713908416787,59.61044172788863,7144.399609970889,189.14994044518602,17183.108300608375,1517875.6882912044,42242.097342288056,9561313.050099747,11121430.83573324
64.41583311663565,25260.99883129264,21.072984450171294,27253.03655638126,62.58390960576452,24584.87056158157,245307.84287915804,242551.22519519122,276480.9207040514,764339.9887784007
42.28960139930893,15628.739318161266,156.36477266898711,14042.071627028703,171.7012909103109,9802.166717059008,6220609.638175301,7052941.541456098,101498.44175343422,13375049.621384833
65.49947043558294,18707.57064008279,128.8298442951832,13988.982388194565,26.337380687241406,10488.431964231664,217054.09951727974,5329824.91165465,59120.982569076725,5605999.993741007
23.952426363850243,2673.7329634804987,9.637202478659246,22817.26927365847,141.00818127071855,17890.394924903278,19351.285965110634,142518.33240432534,8657863.034241978,8819732.652611414
178.105456147979,22658.11261490424,72.01009318019567,4634.766120147774,148.39554590279718,8226.38667372441,462487.7938878093,42887.049203879214,72401.63789042161,577776.4809821101
118.71849071080973,3831.404509057045,191.35996309685723,14617.960623001523,135.54464824026408,798.2509823305239,38694.87925860694,8861257.37695022,5738.038446305017,8905690.294655131
135.8204638288979,24782.028907575852,100.08022914204024,12899.556423631791,50.4629472270306,22056.85554304788,368462.6246605146,3417512.640990164,235075.50108064755,4021050.7667313265
157.83424772146765,23460.842630111576,86.54582720394093,17907.320716399685,174.60862940304068,18769.49738824359,439110.9509527347,268260.7024093649,13743341.492405957,14450713.145768056
99.68843978581145,21262.340932289295,91.5399210318588,29986.73109751316,33.771692674079,17422.679971669775,298720.00778612116,313803.1984743794,6384445.03557226,6996968.24183276
17.38405761748474,1084.8114157428633,41.77654480103274,23083.466822461414,10.726958304166168,22250.523869754692,6354.364139015322,365256.18083362334,162554.29692488557,534164.8418975242
107.42130836370956,9093.850678359859,73.74143417295905,11935.971090522815,143.49299812238243,20256.925126861126,77067.96685437791,1967619.0831087045,338801.2816125544,2383488.3315756368
117.36822360417582,7893.377097325286,73.96265119743532,24826.591568221407,95.09514304654674,6176.459645349634,72884.19390619562,273082.9251854447,37184.776374905814,383151.8954665462
149.08789483686598,10804.092224145572,10.471004037494481,5121.250899374406,169.81960399173522,10574.431408300534,105352.0080998013,20061.054034706187,106166.03507894636,231579.09721345385
86.33190924593588,2629.282402915156,153.51352570358364,913.9105892688037,76.6794282116518,3783.30425035875,22284.968780259023,14817.992144381948,20452.020265645482,57554.981190286446
25.516060559112752,28108.734690931884,83.3008863807758,6133.451173928192,33.655717701542564,3895.710402536431,261078.25739705923,44219.68620046369,23851.67590538692,329149.61950290983
56.75518115974489,16614.06722137129,164.43597736328465,10212.34668342779,167.28843849397396,20285.87239069618,5034939.5099496385,486759.82321958896,431025.9826195023,5952725.31578873
72.61645927972702,9165.729319740707,170.06960022397908,15317.422723786796,109.78192632801434,25758.003209474948,62500.18596395504,9624062.66743423,371756.3322525419,10058319.185650727
129.18344826632026,11909.445512228502,42.39881093973161,18453.874216235996,37.83915847807098,28881.97751583417,105160.49859488387,344220.1329491408,389067.83718317177,838448.4687271965
114.15566093378237,13416.076215145069,131.4706964340257,27318.171516432652,144.07679971728916,18850.41352648333,2338265.985003695,374009.2604349869,10886065.100222962,13598340.345661644
71.21934517956925,18017.830000818518,94.45636083259635,15295.620286513731,102.22272769790011,5523.039700828709,176770.76527282395,5997162.016700014,34475.09821434988,6208407.880187187
197.30304975859593,15470.382830894932,176.031347584297,15038.269338771881,120.86259644806397,3169.5103634679213,8287195.6898552235,9277111.086427402,21513.39151436458,17585820.167796988
121.15496387137743,27581.759196432522,43.14813583529082,1507.290294689464,92.17966764131637,24385.529146102734,352363.27599627187,19578.15487862253,334585.79099358164,706527.221868476
47.4453583471989,14908.904487174908,135.56264006200885,1047.3465796867142,165.7417967636013,17362.694290799976,5402531.838295499,13468.467627030383,9497619.85772699,14913620.163649518
20.356494524080748,29764.74044469938,121.55042445054451,16534.79885749116,165.91254313660997,18548.550630411595,226688.68808453114,292298.0833905951,12807993.16897031,13326979.940445436
30.571827836866404,25542.748732352873,59.06029551436656,13145.358397450334,141.87776436487724,23443.862662641277,289681.4330094598,2812911.4204560122,408470.7498743184,3511063.6033397904
49.191545676901626,6255.315430720074,27.320180730234522,25175.41184940896,21.080275479292453,21098.31683197355,71808.48160093412,282836.6647850742,234799.33261459318,589444.4790006015
32.13627465191114,27917.85643931749,130.32795209545532,4820.387541355355,167.77077238081378,25033.7475856829,303712.06034468714,60731.2770254188,532065.2084034175,896508.5457735234
37.313404810261154,3490.9919365642827,147.71949162646615,749.149863511488,134.20259610658195,1686.4171637963543,33853.61441086676,10073.960360868079,12062.21928035837,55989.7940520932
57.01903373876942,24523.49125473575,63.12546875267,13471.163037903776,139.4048332008599,22425.619102395143,228084.95810110605,3207615.0699450094,395311.59820727096,3831011.626253386
34.67471905895096,11418.698804297403,128.96652080446276,7124.356702567725,72.59656808077433,25525.582719662863,88811.25888136278,62959.40097759004,301468.0610101071,453238.7208690599
179.35308492528503,26339.229613352087,79.02618152230065,1488.4312001651235,175.85591123140134,8584.05127374943,478757.8198955221,14455.462280998703,94316.83531015826,587530.117486679
16.046749132328443,26041.70070322351,142.64137665652353,21737.948605428868,145.0743200469715,19213.418219797586,189943.77322771435,374071.9943962359,11733580.409917768,12297596.177541718
104.90227791405093,24177.762003528635,39.84305497881062,3347.789998717424,22.518093305838892,9424.861915109163,318061.1917267626,41322.08640543966,50022.70873073475,409405.98686293705
82.0793653979323,23700.91308921184,178.04300052723488,18249.58500023315,81.55560688123253,28739.13199447362,276705.8522699314,463867.56159278966,329121.24274338334,1069694.6566061045
196.47572338172128,9140.374172941223,57.48191929311594,8431.492505006674,177.27607239202834,1002.7071730651127,118409.40435597922,47806.133623472335,9606.161770391525,175821.6997498431
22.40778043361047,2427.5784915375652,73.55719755123059,5204.881510650661,9.439340339475798,17393.78531498865,16813.45645839123,36236.007149657664,2872356.1001371737,2925405.5637452225
79.57111980914833,12089.405362954843,11.618390416069957,11392.545687579524,192.2833239284099,4995.106411485453,196961.71464625275,857982.1748281732,49678.13611278722,1104622.0255872132
193.89408665507378,5205.73544959526,22.30244246425528,24043.37328668861,135.83251366391255,21366.60615531476,75657.78178238179,246369.49842240816,374728.61482029944,696755.8950250894
173.10142517879606,20848.53266707385,103.17238054246562,11762.80730713718,126.27519552867533,5276.708502559863,443784.67548455513,2140378.4041129295,36609.807801125986,2620772.887398611
163.414414189856,10382.991796133567,53.5185353455943,22523.089476331672,54.11185129759828,7061.497856950727,119034.97618121475,226465.3451688765,39932.14082874221,385432.46217883343
51.580565408987965,29268.306025797447,167.0960451484389,3764.5889039745207,49.75835774783541,14831.124331372743,222127.45579125523,63575.12888205573,2052658.254371674,2338360.839044985
34.177517478013165,19229.16232035996,2.9386777309907686,23183.142589952375,188.4116438977191,27445.04849990634,281915.87870699016,66861.01646781719,575715.5224869843,924492.4176617917
133.7286439848862,24674.416909030828,75.81880973438724,7107.999747199459,59.65449084682455,6351.4311644391255,365018.83208309894,47664.6175137807,30282.758177856973,442966.2077747366
185.87519782551715,3975.740182255453,67.46910935381854,20321.793896666182,155.10105934379988,4327.200633543106,56573.43074394438,248838.31608112768,38982.46090833241,344394.2077334045
111.35257860278595,25860.434468178675,3.865526183520207,16973.44664522989,78.62435964141584,22769.30495562092,332904.7582034798,69707.14412292039,299559.33208455105,702171.2344109513
114.32253789397997,27682.71571540183,24.873679800102046,27874.34151635062,27.850814156940796,15018.58597001793,341473.73718211916,270591.33052191546,1738550.3902054864,2350615.457909521
55.99581873205683,14611.857564568078,82.72853498372706,11619.67553925942,2.14305953907179,27353.55337145314,2858037.830236057,1758606.6803372495,64815.49645006315,4681460.007023369
153.89858663838737,18187.588132529323,98.57291688948932,1984.9556650332133,108.85146740305017,4398.436714795269,355034.7096538573,21626.585187595683,28331.884632394598,404993.17947384756
37.408749711504676,22944.29402708986,80.85794945097382,574.6645665375871,195.15576370978653,19377.83679069118,323573.1859550541,5647.999625530424,16292934.977947632,16622156.163528217
64.73584728084873,5245.158817812377,106.18753568241877,24805.756829182592,73.8272387618409,6986.374384554451,37944.03244267199,329561.9198234096,37058.010071102886,404563.96233718446
85.08728772328335,15076.982293903273,119.0263349811363,15742.069129842965,71.43846679860897,4702.812859549179,4223600.520360761,7327047.468701965,24538.194108696764,11575186.183171423
101.522075736891,11959.890833169393,1.984764225567126,23257.32155504848,68.81832356988842,20502.882454718114,92414.67290028246,52043.36000522163,247486.36247158394,391944.395377088
48.481946483016046,4391.219764867474,92.81903189070077,7032.768000345441,104.10876746097169,17810.538597261995,50616.9450917195,52477.77511471271,7287847.504418615,7390942.224625047
22.967364947840707,11026.032668745944,192.69984817751765,10352.512365397011,88.1329766848587,22644.82375086994,65826.0328645801,791447.7430908812,316164.883530991,1173438.6594864521
122.12400848832652,2045.169281564807,103.80645602590974,903.1161663395682,175.9829253454029,9283.87729338547,20978.91235591009,10108.075830576765,99120.99679008493,130207.98497657178
57.726110648051154,774.3572084846095,135.50845349179065,28844.769737223363,101.10415834469806,13439.149691465698,5259.465212296667,382869.8170197097,82870.22632911101,470999.5085611174
116.24764428452245,4054.9886746446828,62.37277158337664,20036.037201024403,101.55156763771376,12164.150289912553,40481.75139098915,237818.98978401453,77387.44721969457,355688.18839469826
30.872543054840463,28893.453347675215,154.7982756305525,27996.152632779187,27.67431894411132,29522.683918995426,297220.84850756923,482769.4182400506,321885.524575279,1101875.7913228988
96.22802037096349,16485.886076850507,154.584296375223,7964.892222872169,196.54790818207718,8767.468702181637,6547622.963450762,89944.99873275688,100588.27139420195,6738156.233577721
106.51788651031717,28974.6648345966,104.25920953082779,18343.908336769826,49.99457817376594,8844.517150403006,330588.3059579727,299708.903292096,78779.68557311488,709076.8948231837
10.364707364485382,12974.93634990396,195.2027646558427,20354.999048779133,14.672813491920532,10636.446264858221,691134.1868527695,506464.3561299213,41522.57886677093,1239121.1218494617
67.32085563878411,9354.483992557787,25.110042952530677,9526.491007727653,132.62924979504177,16937.822438709645,60879.936833777,59391.56118022919,6364585.485999975,6484856.984013981
26.88293538779485,15184.255885207323,3.3895329779161987,25443.277050468903,119.07327403137454,7569.682327912357,4057387.207093305,74512.01023533283,61691.53428922202,4193590.75161786
12.674994094553549,13185.350658987303,154.0316423514192,28414.843887007435,83.02913079854915,27458.698211378218,949386.9606056182,482622.47975891555,328740.4055961653,1760749.845960699
197.99204647798905,3169.9405278523172,161.43110747297652,26545.65353088013,84.4384467761356,7970.566945987905,46555.06267650825,488743.23523073614,53570.650086793255,588868.9479940376
64.47076899494459,19224.789440706187,24.04144582411525,22172.009278181176,157.01278420928622,26874.47194680584,222300.3862094082,254239.50891619842,526667.7671003169,1003207.6622259235
161.97488917092699,6481.145475287988,53.11656659172122,8323.940391748622,39.14252801992981,3104.2519093975397,83957.54707597308,45372.06788467448,20871.639694491558,150201.2546551391
50.92813095275277,18587.638646934887,3.510472673325782,8448.481263168953,164.05066378897794,19696.88107198957,186872.410691907,15172.74036041868,15926303.750116462,16128348.901168788
136.30054444478586,19506.032771944603,58.66172215611294,28900.809613381138,129.74942277900362,27209.565553147313,339663.30681177834,247746.78251054077,410098.1629792952,997508.2523016143
152.0455719779373,4560.745593859443,154.6283747837343,308.53487807076084,83.79395475590488,5062.483151946886,58692.30659231489,5019.9482878158,28609.083703595254,92321.33858372594
119.12774812156886,1840.4888133200448,103.59210554251578,21481.499197264333,91.60572331677372,29049.80880297765,18623.058856664033,315806.8916992787,349594.2339213861,684024.1844773289
94.31523771003168,23422.847582053193,69.61911863365762,21187.384876657867,51.32944143721916,13586.50081246535,297890.1959194128,255920.07146565078,59503.75200718538,613314.0193922489
82.3681828294537,13794.012713079605,74.34785898126606,18680.686228493923,150.42286653939496,28371.453253230735,2453363.7216255697,253640.33283231346,522937.81500626885,3229941.869464152
69.77365330859907,1744.9138651642736,0.2707251430936308,29703.265382605972,102.57494846105355,20304.60130890141,13154.24553571832,15120.977594316704,290419.25072414137,318694.4738541764
185.90582884956518,29845.989515093013,59.96010551304718,9356.383072911756,64.17090854996871,9047.606096206546,496421.839114652,53535.822358606405,50502.547612094706,600460.2090853531
166.12388155754581,1733.416829890999,129.2917483275861,10199.155913797445,119.21002315219005,5649.075747513192,23317.853486897362,347056.855474555,38080.5400998381,408455.24906129047
193.0053821333025,20851.056865756596,194.83888876327143,2368.1820883966666,199.1468904102646,9112.051386752983,468642.8815279972,43055.14024736719,103686.04732363838,615384.0690990028
24.859444697108945,29510.367757902408,169.4121653967799,13283.944096312123,87.05245593131077,2790.5222778802495,258357.93830657934,5976482.293708654,16073.620966101951,6250913.8529813355
146.17349504072885,7175.403126477769,4.718992929105825,7831.455787045443,184.13828015572392,4316.038990299893,76819.06794990596,17169.121411660944,42077.8298514944,136066.0192130613
187.66809136420756,4267.481060615885,179.71212093496786,10301.601065329327,69.00336798491323,3139.8132103944345,61017.140477348454,671874.7990152796,16101.063357406601,748993.0028500347
36.24661323313203,3641.548182672867,156.6396826597252,25037.15370766883,10.946541384997177,12688.306312246732,34643.97073804802,477172.3357321404,39097.542955333636,550913.849425522
13.299253473355499,9098.254427027867,156.07522471419608,28064.53540582487,40.84842127368577,23867.351287727593,39588.86370084242,484845.2630942925,386447.044192578,910881.1709877129
148.22412985801182,3031.3743303194005,91.5991518007143,5571.992160155569,83.73902866553684,4241.506626490206,34592.129340280175,42926.17280162934,23961.72388770995,101480.02602961948
114.89462263598239,20764.840250823956,79.60105859090056,11175.267946603975,43.926985718913805,3909.6129951700764,320034.9400520458,1268806.5186473576,28234.86757511043,1617076.3262745137
168.3657553516544,1868.7539439018808,60.58314576663852,27858.91686346182,0.0454076436511075,19302.868485519924,25307.556766793175,250653.4234523622,163262.04099572843,439223.0212148838
27.9544753252579,15282.66384449369,13.138971790873155,1854.253820676679,183.00030754950544,5915.489459041988,4289610.512440927,11252.16003388441,57506.826692115625,4358369.499166927
159.05346237197804,29900.905615589305,45.64707269873982,2770.8158433413555,168.7758822461858,2928.301143269748,459261.2653272447,37310.550819234486,27426.401895647297,523998.2180421265
40.32546400954891,24419.108085180564,49.32072699560492,4883.729676186881,148.45844629738943,5005.457346167329,344807.47560866084,69102.05827912314,37656.39983339238,451565.93372117635
32.7311885731409,18456.583146930327,96.81541394204032,17856.385023806244,33.562919129205724,27711.941876303285,258129.71703112827,283848.7461159955,357950.4905215963,899928.9536687201
32.853159586198586,9187.60862359835,149.4888813193388,4514.168130179924,24.072715241997212,24644.137583285723,72442.31194506217,61080.06310369433,281834.64120871265,415357.0162574692
162.91494404627642,18716.875088749155,94.76196567958932,29042.291443522005,13.52094989447663,10621.936870652822,397439.47215491015,318158.2655979018,39434.181444883114,755031.9191976951
133.03944413924003,15811.24391734955,11.568889889432121,13401.43581775561,144.80583775458425,19674.623019821785,6664409.04531497,2035522.2620460808,12750724.1402061,21450655.44756715
104.61308495382386,12782.501516711145,191.55796019764077,15045.538810504991,185.76159213757705,16118.270210041142,1273644.1086707222,9675263.2970423,6355092.355518662,17303999.761231687
71.7660968247005,3921.3113022059842,188.54486381882245,7399.758474162195,86.10716418260739,20313.727904476917,30022.7901712043,92878.59831784846,266711.0625646972,389612.45105374994
175.44010816262164,26598.126457214003,157.03790862968168,14128.807573042004,23.82813439920963,20480.13457388278,474264.167682101,7216790.345659586,237995.69712519896,7929050.210466886
78.48902148452707,13493.539464639676,198.26558031284412,19857.408979110347,102.47856414642132,18862.020451799788,2002430.6842955283,506261.7868864235,9202021.679888457,11710714.151070409
163.31988789431543,5838.675354622952,108.89646656005259,22535.31410862128,69.76638149172602,7983.0410561192575,77875.57169209921,327750.39483124716,48738.40912551484,454364.3756488612
87.82698171404368,11032.78052631869,192.55367005064122,22616.04248129739,74.96498486999954,1170.1926228845439,80044.21794860442,516758.9091364817,6254.749997510802,603057.8770825969
75.38888588498152,12423.89257586781,15.121008123350155,17336.73338082265,124.26612483114145,13667.003459703265,612201.4802226082,170671.59490532515,92998.15359529489,875871.2287232283
92.53595713392129,24826.13686700623,73.13614965227427,27130.793249815717,143.74362265244048,26729.216540721114,298432.58117136324,275385.7928771046,429744.4870946691,1003562.8611431369
60.27557483282842,22008.43141684206,45.076253601353166,24522.235419183282,22.12071977463217,17084.91775555728,229065.24534539698,387913.1383078492,4432990.164727647,5049968.548380893
149.52187603525022,23079.146809240196,39.166616826854,22711.443440958763,7.118046161295277,24971.731251057237,382504.60540316865,349296.98232488387,133001.05931183722,864802.6470398897
100.54407801849582,330.93793285941643,28.16058977853522,1668.1656504138186,198.86606053714297,29748.730288836843,3050.2624830994296,16489.397039622716,600417.0613374034,619956.7208601255
46.44253902936346,12484.619945392846,124.48272831319933,206.3388665894794,46.54566978311037,4908.486124148288,980831.8640792689,2538.3063023206423,36744.45804130491,1020114.6284228945
179.9149146549137,14440.32454905971,156.264371149461,6373.418315864189,10.766104981691814,20753.32917425947,5606135.697801622,74798.22138375524,150527.20344509266,5831461.1226304695
76.77824427464228,575.7683046917006,115.65967988407213,19905.707817403567,37.975065819183996,20228.807211000738,4575.081052398223,327215.7386187777,299396.3125951414,631187.1322663174
108.71057222279772,7794.396262351027,29.392541917641935,12335.924666476374,7.791569269692844,29398.663420748355,69240.23414170956,2560387.456925915,146571.20717380344,2776198.898241428
181.2944221929094,22808.69469366405,162.22475398669417,12072.187778979353,78.36217892343433,29568.02201858401,467417.0498606254,3734953.665929298,324467.46296236926,4526838.178752293
124.84759918279842,4113.291171869972,127.1909414327457,26537.606646888413,160.48035689026486,20600.358351723884,42708.45288975313,366024.9507359356,448323.7447487023,857057.148374391
23.379608141672815,16059.30394357775,77.6331412253991,26866.88544395516,68.24888995154413,7308.443759465828,4697434.949152556,283652.7284717665,45747.79502263746,5026835.47264696
187.96642472269502,6456.056160517125,134.8260591072126,27275.257921607572,88.83668137567331,23956.67514391797,90207.8138617226,378857.4004781126,326214.50219315913,795279.7165329943
125.54161061428357,363.62323931679816,51.98099584856657,9416.342295450819,135.11735471348777,3210.874026331143,3787.046906455101,49984.01315855361,23044.18234060442,76815.24240561313
66.98112293141722,7236.043727986244,69.0384416988421,20731.67438217785,101.77881401397603,23420.97912514886,50300.55959063248,253309.10290646795,345782.0500957418,649391.7125928423
27.854414532677453,29276.212647301614,183.49716862639804,8148.995438231089,172.28913720426485,27305.883724340893,278206.39577672526,99616.81582408109,551822.0624915191,929645.2740923255
158.8050378540592,24046.113356489688,58.10090113428408,5718.294992233494,173.2071350091513,11485.001843053058,442870.3698978072,34600.916374352855,113300.46077189445,590771.7470440546
124.0145511857027,28787.299329631,93.99765363158733,5538.973720421077,1.9821390982307285,18919.058849492412,359122.03790579305,43296.70425891472,1575368.869635597,1977787.6118003048
106.6922183952643,14635.621317790874,178.02822747920294,10263.228625907821,155.60926129663983,12904.281962904788,4111067.7992887367,598698.6364517992,116994.97024337306,4826761.405983909
178.77851661019153,3292.085960325105,141.5442700535055,12898.728593394651,92.14672004833477,13132.951649643854,45941.76301570008,4091725.232479882,77816.27457354752,4215483.27006913
157.71944224490616,16438.78466921079,12.44064523294055,24928.475131652052,197.76810826073262,9311.126673243602,9439784.67446477,170665.74568260723,104787.61477389315,9715238.03492127
30.334975946550237,13631.320036798827,29.460608855794067,3596.732804181363,96.64641517508703,22863.88861350974,2292416.0516941953,36594.701338352475,332901.3834947687,2661912.1365273166
62.34441355910965,25330.71248218848,1.5683181543833635,22047.775421846825,197.3791890776595,28085.296924995157,241057.6813820475,44250.864238985945,591284.4331468717,876592.9787679052
49.69782796289315,2942.4774235273376,126.18435804583268,15943.64742567916,150.91387224114732,28222.525777033832,34476.565672144636,7815286.327482684,523124.01650918514,8372886.909664013
148.7892585145354,14647.234110653346,89.53468508208367,8638.360280279774,49.720976922661265,5243.438546248015,4957854.093107495,61487.239633782374,40891.26846559616,5060232.6012068745
6.706486947155876,4501.459940819528,26.854970180455105,14784.587535984738,107.67899585739154,26242.30948969698,14062.07650498701,4882028.781660825,370117.0640253854,5266207.922191197
113.9779369742633,9740.277806701799,191.5868242113541,8998.26209331068,198.42712789571655,22122.943242813664,83877.51197335476,110892.04926961452,542127.4720400913,736897.0332830606
152.4917371481381,22120.71232163399,105.93194478912397,17882.458657149178,171.50612155038473,7585.122020708678,425078.9190470592,297737.1335886016,86503.36440114278,809319.4170368037
175.3531273523499,14280.543881062997,48.37865882257783,13015.317685657326,19.47337875824422,2018.5383876454366,5181237.830537717,4519213.381072756,8803.204011828238,9709254.415622301
68.4163497431815,11276.64855437308,100.12071423094152,4932.165872366362,141.2743993619992,8039.918006531339,70979.49348780033,54174.48759869872,69664.7734193016,194818.75450580064
164.25146093440256,11834.288357101059,135.92406654702157,3497.4922366709015,69.1159171741626,27366.24710344577,132281.2154324572,45038.72614727476,299682.77160319674,477002.7131829287
22.126347391041445,13783.4030521796,15.247843594712895,16400.870462163904,1.3964523760696235,18995.36024687317,2028568.4103878047,157116.55694958105,1287347.035840915,3473032.003178301
169.29045834690365,23550.496315111708,54.9407630095784,27072.390998583105,80.69619380539991,21631.639826936156,455175.2516102521,237232.10016359662,292480.736894915,984888.0886687638
25.497732466396485,26762.54066820703,161.39309817679873,10318.730596730566,46.95088434499426,7714.570533272876,259014.20721014944,667932.9854556678,69696.09635241909,996643.2890182363
79.45745811207345,28660.040595117847,91.93297408053225,21990.003216678695,163.7738541040943,21581.644667244607,280929.483130737,298465.10953178135,486090.60800875444,1065485.2006712728
159.45907315591072,23607.101587658854,109.31542840645898,19759.84064819301,67.46612176915309,843.6451883377127,441993.6879226384,316964.2890891416,4277.758067505694,763235.7350792857
29.983485469754754,9462.206872440382,86.56320044189385,27946.64742928443,165.5047387907634,11259.640373190414,69737.94763811964,301919.2519544804,109458.66882862055,481115.86842122057
45.8502790465283,20644.041182596266,8.779988528601024,24629.430518974226,0.1195877669590617,18802.600456269938,357564.7173095781,136258.7346903201,269768.96292354073,763592.4149234389
144.45051367861325,13128.093721661759,33.149955964031186,16998.157767163888,61.56383000522383,4382.896966239607,2143180.7441635504,276294.58293042175,21228.983127891315,2440704.3102218634
144.00730730921487,7640.118661381535,89.10832774837817,19710.91494702322,48.23304286155239,24690.10723340804,79670.23955200736,284748.971881236,433923.0526811849,798342.2641144283
128.22952657705946,25226.14738277768,41.837093081585564,26951.593997521046,46.7134722137222,7050.93896435756,358188.3194434991,375582.93572606216,65920.95962275461,799692.2147923158
138.78968889342,1152.79046886975,9.995805731935747,11985.563537608044,13.63732395309254,19568.433384553387,12687.397998006876,1096426.2810959679,5889696.707434791,6998810.386528766
108.54488866951924,27052.859764062705,168.72993281036474,9803.841175733322,37.424854082100346,12155.91427725989,330703.77546450583,112528.84395456404,81298.94714972089,524531.5665687907
50.35981178139055,13844.323938742025,196.23850583282317,324.33250905589017,111.10991397712398,17881.307864329414,1922255.1753422844,5916.889334735819,7667190.34843694,9595362.413113961
69.1391987007839,19116.04430424841,158.6285747993479,24796.532225743926,58.2722145675489,3223.516578867244,229762.24967205967,479272.6576353078,15190.106497625307,724225.0138049929
36.31954336028513,19780.617666173483,170.7569843409334,24029.421012100946,83.47895646582958,507.38399764821975,299811.88404421764,493733.1049102297,2861.929434281409,796406.9183887288
181.69011226672566,26853.532221196092,48.395426063409076,3133.6355430045414,75.3733760694377,27286.932821409035,483384.22503312747,43804.987608648546,312743.156179047,839932.368820823
116.67835895322409,19100.09046501622,192.12539510263994,17305.72143398101,175.1809849999789,8088.900263015484,306164.77291833225,463458.5051673612,90780.2050195228,860403.4831052163
80.17028335272798,18418.007542801854,39.385140890685676,13919.450945006622,181.0597998021031,24590.310083413773,234874.71477520198,5124964.876558558,547720.4259750798,5907560.01730884
92.40116072882654,1999.561216820699,190.28596207236646,3561.272865273344,98.59139433117201,29980.509014166008,17593.167960886836,64015.19006747049,364935.42976030556,446543.7877886629
189.45666792236307,15552.240658356122,198.9638587931902,29417.046811821707,66.03119006312087,6342.937739967335,8308800.321693687,548322.8986483816,31818.268139463682,8888941.48848153
30.67028062321604,4505.070024511249,142.34456114920974,6440.876623900664,21.360140800472728,7955.122235500668,38384.75262460069,60867.345109049675,43563.224485455365,142815.32221910573
117.24596640335945,22123.013061644568,196.2287463583644,2017.0254027168344,190.680575876419,19885.79362903997,330836.8435565341,36796.28369583994,17629595.626743607,17997228.75399598
101.1777357768932,15366.657624380234,113.90795591342074,17845.42138505729,12.04538898005949,28963.45903801864,5074571.023136938,308776.1393305979,191447.85097467684,5574795.013442213
122.29084708692956,20406.8333762506,51.90835663521807,22166.00031399098,59.53005551365609,27474.43044572232,328649.0422086096,222104.12542861767,278377.18865712953,829130.3562943568
3.6220367641681017,1250.187018071528,87.39917713312417,973.3033814156089,59.61324023400083,15086.265601967547,2600.6845476425733,9961.018635219376,1618747.8310653495,1631309.5342482114
174.4247817888303,2543.760481374097,118.71218707575719,19761.529161810664,64.08025722804298,23853.30847580174,35063.5594716581,330867.7700440213,276546.7792545907,642478.1087702701
186.4236564967225,21489.701641880467,14.616312405402997,15968.756278543633,32.85736865448185,4072.3755929970316,465762.96877264074,4115383.5011485056,24564.93645738119,4605711.406378528
113.02663671784178,2162.530079960201,124.46865292344921,3097.9502662514524,156.63228618473943,29323.14552612037,21257.748363758936,38107.62481601974,536419.6252420351,595784.9984218138
139.33016477537845,2137.701832957758,196.2355673524589,5175.716308390862,24.499572393197845,28930.597021079593,23577.517485261087,70335.1858762292,297252.7163010013,391165.4196624916
184.49987623545914,363.2542570466235,38.021529956745525,17039.228919482415,126.98133183063256,4911.868736375129,5149.814672170977,302505.73221146985,34173.74678668765,341829.29367032845
141.44772686267973,28695.041948984403,158.51902325767665,8890.728405398651,24.76920534116349,8982.693744093198,385904.1271869393,100184.08827213512,51467.98235211558,537556.19781119
30.50780858285227,22125.250783770207,181.57975875592388,28149.47185953948,14.107127518591312,3004.649925203008,280058.266934867,521626.00449278264,10729.826580822179,812414.0980084719
115.25767203336264,10597.542255061924,188.74031856404417,24562.206884521525,181.8859007371753,8151.527966945391,90073.09977052851,520128.6522347867,92796.9959273099,702998.7479326251
121.34300927657118,8896.067438629656,192.02712088108944,29507.01619540989,38.02575326374114,24478.6736824562,81064.88734764462,539273.5827278997,373299.84254052717,993638.3126160714
84.8261342604772,10491.096892375486,104.29192774429438,7790.12516851242,164.25003091194085,11349.468214957784,75496.40744587865,60856.18401023942,109669.3962637433,246021.98771986138
147.28884712494457,23239.605935435455,195.46158159830074,29091.708983939312,108.92617422142716,2651.9090144027514,379987.415801807,542861.1719954865,17087.746304732173,939936.3341020256
186.87340295380298,19841.118332112434,151.46204142688777,12937.016093746735,15.57130392175392,10266.765743367137,449902.5393110082,5076663.478428318,42078.72211444406,5568644.7398537705
185.11370258135526,5555.8670360240385,32.33428724739238,10425.56385941264,191.0896382876135,29441.500027238402,78895.89380519502,555434.4322189311,588302.5006093668,1222632.826633493
90.16787428082642,5223.28006002253,95.380021293594,1510.4858090805972,49.39223339837851,18890.507857776087,45342.591181509604,16177.615850635719,11501501.543736517,11563021.750768663
22.64760916815105,2951.8694914019193,143.6662350744008,1582.9577357880787,171.9290690705213,12484.828392184732,20588.869468614033,20980.447083701423,119660.92713054999,161230.24368286546
196.9682397924669,19809.081591040143,49.468063163816666,20760.33767839964,33.76200115691284,4996.1554049181,461438.86831689323,396835.6454320281,30649.061935197926,888923.5756841192
167.77961728918683,22931.179866652077,128.12303670977747,13737.869833020837,170.78857642837056,29585.303918510843,450259.4728500281,4985336.9500602195,559194.2997459726,5994790.72265622
24.93253624065337,7951.392849750121,133.32009580932385,6795.648781083171,2.645762581058797,24625.470277893863,54258.210422972785,61541.95466867006,71662.67175265547,187462.83684429832
184.16837652347448,628.3488309273844,32.53994876171318,18419.10918975698,102.35609131389613,8444.319073527582,8900.01952086558,290307.0918613057,61097.43793860157,360304.5493207729
173.97927241242564,2465.1500242928205,113.01706249055125,7585.743547503335,153.88851588431137,2102.0608716356837,33936.533337483845,62019.15039389738,18868.551832459165,114824.2355638404
103.76761142521443,29035.801045350912,154.32538219572155,17328.95263033268,186.95910349855666,1698.766721326741,325957.95769994997,417685.18477832805,16677.881531014005,760321.024009292
118.25508714898585,8863.343324322608,99.77913290718838,10776.26240948071,181.84042724129742,3611.3444851660147,79703.38350136884,967691.4382797196,35004.71680026314,1082399.5385813515
79.80054077402605,23076.694435144007,2.420623355221485,24706.56679835457,163.92497390952897,17423.05750843265,270757.9523898393,59768.04482325175,9616902.011161527,9947428.008374618
10.952327764406267,18739.907065627915,1.8076938158584355,24620.88482300338,177.6382699322608,27862.90263616477,129074.15604338284,49550.38005857724,562285.349961077,740909.8860630371
67.03944832918019,11458.189189586878,71.40586879400243,14320.51194367204,39.8439371674153,14902.302840179535,71082.47920210994,4241637.138650117,1933633.0512112952,6246352.669063523
160.57068971960229,6170.617865866653,185.2388136863564,10524.573280050468,56.83685914234575,25288.364473685913,80854.78505724673,1097162.743776182,265966.66977149755,1443984.1986049262
0.9264046009205718,3641.592544782193,45.73535592072175,10876.793896772837,57.7937049842117,13376.598595794234,3080.1503487996783,1332222.380775618,62437.4555807182,1397739.9867051358
66.69983433822884,18450.389041166,126.87273777433742,24171.435770046537,75.41078620033976,21257.506373034757,213254.11516282067,359861.21013434103,277499.8862031793,850615.2115003411
79.63373871818867,23239.01341913364,44.41517413866411,9845.38448392836,78.66413407703774,21956.182118595025,270905.70618813275,88087.2654955667,292497.89968350076,651490.8713672003
107.47912058758457,19317.12760623392,64.33399793190972,6271.781211205381,108.9110649309351,5218.91117710016,295737.1570742628,39382.62920716781,33626.05635572461,368745.84263715526
183.9711232825521,15909.06399747475,169.6084179202968,2540.650256259205,31.975952673288276,10836.481769274353,8995780.680011818,43214.29769899536,68152.03290457139,9107147.010615384
69.26919887319225,1258.5367029490878,145.77228845398938,14000.793626532251,138.24933275719786,19119.06469614072,9449.829913367888,5700222.3657619795,11248625.018083313,16958297.213758662
69.39064037924554,29054.663327831513,19.079855462642126,14463.962967595256,33.5133078609013,2120.8982455309856,261243.26626368432,3663352.1727277846,12951.207339555796,3937546.646331025
147.50024962194968,23961.425749637237,85.74040419728672,25227.261312087216,62.061696420909506,10846.205632888697,382931.30187366717,295712.02190887596,55913.045110311105,734556.3688928543
90.44358817796143,8784.661101028942,5.833952729052894,6637.160893381919,100.66902612123081,16043.983988435773,68315.36841247472,17079.217032541546,3883556.154884645,3968950.740329661
44.920964587996394,29399.109880765518,96.1780293206018,11429.738210051997,159.28811230469546,29886.73479133916,381593.9876396162,1687435.2574524982,542594.514673741,2611623.7597658555
90.48790322653868,18056.447689089662,132.48680234021361,24252.172166810728,147.89384664774545,14236.006878673223,219706.237758736,368284.09178680915,634879.6803810502,1222870.0099265953
28.17140407595997,17472.679746217393,23.700524719630312,24708.708322469203,129.10687128210446,24481.702713429706,7134244.459790331,257412.0181233551,396574.10561643186,7788230.583530118
35.27739730124466,22442.195382885962,57.776987781833135,11538.332279363047,31.154652116034033,12962.018551998532,309483.14837186644,1388564.6517365621,75922.27192851932,1773970.0720369478
99.67355454789595,24353.093642704127,79.56732510043139,13773.720698600428,109.40906912311554,23891.721678591268,309700.2957970984,3927715.3087271247,361637.48876020854,4599053.093284432
83.78508990090958,19694.35821994508,183.90620493120994,9098.576725478488,17.48930035997709,17862.44404860325,261646.83676537496,109798.4714158196,4783817.456336964,5155262.7645181585
182.96918021362,3842.872390986001,198.65100308459282,27976.646352579362,75.47263535933016,26597.86324507195,54253.36960735036,544157.3497357805,310951.26493370143,909361.9842768323
72.47877982332662,10148.025179834953,8.98225979912317,3559.312972247409,82.70330605799184,12328.276570503296,67476.13730307623,16932.331847615314,70492.42352147168,154900.89267216323
116.11767005560868,27842.509209781492,152.2015846990784,28012.4826900441,7.962287889150765,18129.132594644365,344707.60288658267,478902.34062104096,3137320.7055037003,3960930.649011324
126.45285758390608,6738.468355315557,74.34481328046864,20515.993555060297,54.797619893994366,18900.560418564823,67885.44704306376,262467.3024938395,6780870.3986835005,7111223.148220404
2.6188913176667272,11165.0107151254,78.491637245896,15947.164580601935,191.12989345329788,12521.488254014199,15859.304886328191,6108553.693192198,125896.46464784097,6250309.462726367
132.70747440334213,12962.30648832588,150.85299466940455,979.7718235348763,190.7265215659379,4329.361310624446,1760660.3601711898,15753.023194975418,42896.243363833106,1819309.6267299983
35.60719337395029,13182.149690833565,183.68528642908174,14267.885754660248,70.46541085050787,2806.7822073700668,1872435.8721972404,8039122.308936612,14545.018056352057,9926103.199190203
192.21406349389102,18388.187474835766,190.18571890050967,12232.443150081968,8.620021789664811,500.146517988993,415744.5631470513,4333780.400791583,1315.9956516024856,4750840.959590237
29.73254555062259,28292.275132341227,115.42451720766415,4836.564359253676,35.81898786563631,26206.027927356437,289077.79251968977,57204.558028907064,367499.7288142376,713782.0793628343
82.92482474540475,7220.781354975149,71.42423186010056,19692.288105019707,78.44355868670803,7094.247367160837,56486.70808704739,253712.01260812095,48210.64059379609,358409.36128896446
17.06993361572877,3645.041289027542,157.50981717175586,29134.527221048575,189.55593959384595,6345.202478453041,21095.672818122857,489491.36453595344,62691.72257852479,573278.7599326011
199.37485036918946,5924.114695798119,50.200276652460055,16865.664331935754,28.239812707436982,22081.062012781964,87307.48442644891,191166.71342017836,294630.17068320536,573104.3685298327
100.43900206624852,26607.747006278085,112.81480576670356,21442.598293318373,152.70316873364246,9600.483392621753,316042.67565231473,329984.3566473123,94876.81398614663,740903.8462857737
119.07700346400875,19374.32437965618,71.71569230497464,2053.5135769805033,21.736507874938415,15181.340772355097,313664.84723869106,18961.39900547409,1718843.5685934485,2051469.8148376136
13.415295477685497,8577.203677174804,131.32621474157523,12530.009874509842,196.25151547825536,4875.331958923689,38101.690419943974,3445586.832261101,48944.995163457526,3532633.5178445023
149.99209407983557,24478.40816905852,48.07978257870138,3490.754554934876,76.32329982182699,28792.371643859078,388196.87363403616,48593.20653241509,318506.8413826656,755296.921549117
41.981118619117154,25841.099890903082,38.31858914696515,18383.875066095312,155.0469077798112,25547.44200051712,357862.66531240905,322007.4950025689,516377.73206446203,1196247.89237944
179.61085788814276,25395.43016070834,183.6478173350874,28154.464746424637,68.51821656222637,25913.688688950097,476077.8698855278,524484.0806085682,294174.8091745984,1294736.7596686943
41.02792809640143,27567.796009186633,20.36073658990738,19853.331974149154,125.53377543176174,12203.212457160156,356177.4309676424,221777.8361372872,86238.72720009576,664193.9943050253
38.13754413273331,7567.230605200848,101.19158154698633,2304.0914494326457,38.40321694800735,22870.836411215183,69308.78919808006,25448.401836025947,364511.8820311602,459269.0730652662
7.309933569618976,22651.25786238835,44.170556592601784,10639.986149552486,29.204203859392507,4316.284661693405,109784.64467321362,975021.2141638508,24201.399918017534,1109007.2587550818
94.41338902199985,13816.1849182242,7.78599266513349,16519.901383225544,187.61282791362626,258.5700777534083,2676277.537841563,104220.50308378306,2542.630110902905,2783040.671036249
112.96822665252328,25259.956586701846,7.203763658285278,12096.232683997567,183.5294555808867,599.1879773408438,334148.1151688989,937059.2237802238,5832.691525776121,1277040.0304748989
13.141727885670473,21854.720314848397,35.044354421165465,25009.32031425517,177.49378804257648,17598.052122136814,160040.28159694513,331325.2190215121,10478692.666105881,10970058.16672434
155.1055233390021,23293.42339499174,173.35407090120006,24440.130141299676,125.08669003331869,13661.847157438224,434567.91238755744,498869.04880461766,93279.41064164785,1026716.3718338229
90.65776694960552,19684.855130432145,56.49574879540533,18354.930603096644,161.65364224325566,15540.460467255592,273157.7846669586,217976.29365190843,4369572.5497743925,4860706.628093259
104.87805386551601,5322.8630840912065,190.09183411505916,11203.738353981158,13.807387382274982,223.89421251658214,50213.4879518116,2392112.9048105213,788.9667220414987,2443115.359484374
88.15254938764564,16350.80756690815,116.32445859783871,7660.091212897324,66.95780837813584,12680.598589722771,6054047.3269813415,63486.55837064379,64696.40969019995,6182230.295042186
80.1526121750652,29540.092185735248,87.32283795375322,3176.2295463938794,62.74062495143124,21542.044836025823,283440.8664352176,32491.516226642478,256846.78198035117,572779.1646422113
111.92806626164358,28121.641994913567,116.01776693389093,10646.930504596621,127.12906439052264,13280.811059023075,338300.0005368981,885610.7344191801,92143.52996372197,1316054.2649198002
31.0480491861425,1295.21207391035,103.33967704525355,12395.175516231586,71.1915546941281,21966.576189366668,11125.18232414381,2883606.1148447865,278356.0759217497,3173087.3730906798
36.38562609905422,4944.444471883114,151.75525075146504,20274.68775312221,29.70135632873616,6990.568931905043,47158.10441973881,448238.8290133272,39608.48856215707,535005.421995223
172.35712420270346,3951.863203636857,56.49921319457045,19744.794728927205,119.29341508270875,24394.260134451764,54149.03250847467,224793.28608013524,380698.88599869795,659641.2045873079
189.22309242672654,21779.397299558867,70.61007832006048,2103.2441892377087,162.8767841338163,17652.937213603567,471310.0243304375,19264.262583515796,10223970.52051459,10714544.807428544
74.66186325595059,24533.559895708353,178.81886050665014,11857.779462934734,76.42469889199464,6322.892982897187,264575.0341512527,3521035.181329744,34123.83998593373,3819734.0554669304
54.148934628710755,6405.340989320157,189.2913026300811,5453.366016520858,26.45374301969634,7101.614275614988,41114.77313345258,72115.52548860459,46525.49138912407,159755.79001118123
128.79990864780316,15175.58078855487,178.5116454972949,4704.381159504171,39.33763946256461,18840.913937086112,5472421.607478289,82008.10705172714,9887343.918358156,15441773.632888172
81.74683421961927,25221.090840336,83.88959879146272,24819.064492117377,47.4966610338768,24898.187796373302,279588.08268302365,291558.0239746344,431037.51888830954,1002183.6255459676
5.077271132068972,21984.046342987516,156.07310060137632,1257.456501487726,59.97951859890725,12468.833460874655,85587.49561623074,20550.754422306934,60507.795525591144,166646.0455641288
31.230519473238072,16267.116164755449,95.26714666021977,12575.48627706364,128.55901410126182,7749.012873827766,5973313.600352418,2966784.8828965356,64999.6187270144,9005098.101975966
143.1944457694795,17710.430713763188,99.50797042922044,5046.109672995546,120.1890969075438,26010.348207318013,10342000.961105209,41361.25637031034,390075.45564199105,10773437.67311751
131.78478838203029,15250.816407488399,40.93602181145679,26379.90647035422,139.21597231340783,20078.048752525046,5670604.874711411,369173.45173485007,301162.34749787516,6340940.673944136
5.419198500696698,8926.453539564618,118.22606065170329,16711.215398251054,72.50039690630263,13442.564618492295,21578.666004543094,294257.0764106335,70182.89335517416,386018.63577035075
44.39443238658989,16950.659785770484,37.22717955066959,6941.419091305441,164.79953037599566,14637.005858379056,8723593.308550626,58084.27194936463,1897696.1376882768,10679373.718188267
46.21495931761428,20666.55906150272,66.31293981343876,15072.818614991293,40.81753223115206,6127.694038091892,359609.7520577446,4781731.262761304,42284.36399037818,5183625.378809427
134.37854871974568,26199.68747582423,171.00604032398704,21944.590791093473,93.80814950363079,18804.07890194532,369999.29755866446,484838.24559576286,8700024.340829654,9554861.883984081
3.942107550872831,19088.74061937744,41.415161842171045,28743.540267583012,160.18774430828606,10762.27531628666,67285.61207480502,376605.5114482413,104577.4521469422,548468.5756699885
20.82171639691477,22833.64611129474,14.231657034686563,6613.380127362568,36.03172954652385,29869.355300230476,219530.08305651954,30132.296047997115,379962.9565228966,629625.3356274132
159.98321707463788,4802.1490486371895,13.80151852256326,26585.453163880353,21.97262274815659,14405.505457856636,63392.46529588733,184308.9781443681,636417.4226948548,884118.8661351101
35.70893241086672,13846.724232593697,188.15690410062157,28029.123425024707,176.73679353759795,14576.568185688395,2877627.691337803,530296.5806497384,1786317.3891344026,5194241.661121944
130.54922157037495,279.9485948127989,101.38408759236692,27492.616335961986,68.58593255183918,16975.553622320156,2979.0226678828085,327019.8393708544,4634044.148743799,4964043.010782536
47.6365562093453,7400.3659356486905,81.88241436340367,19062.430705857296,136.7740249818064,27502.6800935624,78999.75624546576,269073.07891920937,422137.6723978156,770210.5075624908
19.888278551869032,21793.851453390143,162.1757162015837,18894.61963304123,5.069720852787696,24024.542995792508,210192.83938639183,451084.7048284243,106264.49156556919,767542.0357803854
48.634438199890816,29754.298540480904,167.1651855821032,12096.318995514683,138.00937768188993,13533.902093935243,402770.1923125334,3831956.7609488247,97318.81331675164,4332045.766578109
144.45338637113184,2975.3429876164773,66.43820662312092,22571.936469113636,63.2202623093941,21560.97797918388,33474.724935828715,253547.84131080928,258051.7079168343,545074.2741634723
171.13929362125714,12044.829475838647,138.72361149475904,15938.820550527958,11.148170717488348,17587.06496342285,234469.9224437685,8203531.835650166,3363452.4085254758,11801454.16661941
166.0439729133983,24002.129060974785,154.2245631703773,20323.142136848834,121.9625523096234,14771.011461037468,452680.83080830314,452056.8499791666,1670881.8455684406,2575619.52635591
79.43670592369097,6121.0690388669655,130.93013737319092,12853.737115463864,48.16076321463465,5769.473183530516,49231.06447456816,3869456.607107497,44112.89123497257,3962800.5628170376
133.61702731412925,16652.548479068588,30.319014960019874,21944.893921294173,77.361448410376,13918.087903646727,8131152.192215756,294236.93504890404,74342.88448800275,8499732.011752663
40.996859083164196,21992.138880890245,175.1766167034114,24734.145528136472,16.116162457302718,7374.55761067724,339763.97700186743,502446.03113181813,34973.45829170455,877183.4664253901
58.629546052202656,18479.56350780537,107.81891054720174,4393.087698084483,29.432650218989064,27445.26449554964,199420.88653309143,50149.10212901669,329217.5963811156,578787.5850432237
179.26716370422395,5640.742038462484,56.49448527400074,24987.89146722684,59.59544709916875,10062.204404890408,78825.32796541594,237636.65703210243,52121.67875419637,368583.66375171475
2.600384702147207,10661.537060572182,85.04563708753878,16208.895953709218,17.951900112031428,28567.920436001168,15224.184107842184,225664.38694585676,244483.29345485152,485371.8645085505
17.101706170893614,23513.753534561918,7.514218079781476,25339.97727270673,182.16525293726303,15991.658702841336,194159.89767171687,123941.13254020955,5929684.747725418,6247785.777937344
41.57725102920546,16626.7954239605,25.57336024448351,12939.051190230439,1.2094086367956836,18946.33136028481,7814457.132941076,2930700.7175141764,1166081.6488668225,11911239.499322075
5.306440774763943,156.8884062873821,153.10935010317218,11371.214561491051,96.77204377286228,16288.213334679833,419.9216318009706,2440778.295241832,4252593.589464379,6693791.806338011
36.287087017959465,22829.722800842814,0.002326951073228223,27451.821975516672,24.64949162651029,3881.418509001027,316734.78312080767,712.4442601600367,19591.33141645843,337038.5587974261
116.60831219393843,1059.340648207172,83.31316569645844,7535.078026452039,61.53581789558971,11274.636570238228,10593.647670296352,52618.10137957695,57157.46298615857,120369.21203603187
84.2849101184996,22372.013481936963,104.50203621711769,25326.369758584293,185.2119119636531,2974.383368328718,276776.48134447605,327991.370277947,29075.494195567982,633843.3458179911
178.53434221539496,6074.416804957123,10.926884000194459,14520.617175282123,32.338910654797374,18688.62132550145,84365.91090193094,2596227.5870176773,8483523.884005448,11164117.381925056
163.4887123476882,28742.204403581407,194.61563259446658,15422.863276537792,193.1664639436665,13406.225856013167,463163.7194305066,10469038.981566884,132810.4842089456,11065013.185206335
68.3634703395752,11038.222539062534,45.225066249934386,9254.04844468452,41.158875397884344,23339.549147128106,69764.42092469137,84362.6648885171,384448.7747956965,538575.860608905
51.8846866862585,9807.948490142373,60.83974392725617,17191.26601857047,148.3132216933659,6614.114429981095,54688.56347189467,216141.99606530357,49734.08232304444,320564.64186024264
75.93848163345338,4466.64150997334,60.78850245100546,9756.33588828634,109.33545297946235,4936.981752880048,35278.02111729004,55952.544686899244,31871.496166403962,123102.06197059323
118.05898850296155,9168.126464706447,46.08333242346998,1178.0824272495693,176.89574551935183,12189.966928913034,81676.43764707242,15960.392861162944,119224.10136026714,216860.93186850252
53.61272816457525,26299.522854846018,0.2947644172622832,8159.9581603306815,110.79865110062619,27797.561496551432,223310.92053427376,3015.480406570867,380864.2099681708,607190.6109090154
124.8297815698268,29890.03012881742,145.86895881759926,191.37130219772035,106.91184383126173,21312.654450372353,362237.98355619743,2556.5840053174643,331467.9148239491,696262.482385464
81.88233043824809,11049.28591520545,193.36909995985707,29350.6436117057,39.09160007367998,12567.70874378756,77106.92423662824,540700.7180476737,85501.32704783074,703308.9693321327
110.40943617039605,13458.318928636278,44.85869665700901,28972.416294592425,33.24587241033174,15518.165092629317,2361317.1563481395,396784.4095679059,2850956.4166396144,5609057.9825556595
87.22530582706334,21662.128146082112,132.6094383606845,11854.65892416915,183.29783022310284,2526.3903353129504,279329.7104816922,2561551.829173809,24578.417389400165,2865459.9570449013
58.89315190838354,26585.873413952235,148.37926539174302,21851.12563018938,65.56763977000682,29537.276891283393,235575.29317724,382300.0651701589,296727.4219408024,914602.7802882013
189.69066139243134,17791.330025603525,169.68507581810493,10374.182952312749,74.41645099257919,19992.219140847566,13463856.447543075,783257.7341656768,9646622.683602609,23893736.86531136
152.72115883195215,11745.77094533488,84.52583940272183,20132.79471257928,151.9647316856777,8562.122053902674,126789.94782696657,278984.0901459821,88046.25313768949,493820.2911106382
28.02263515329051,12378.655225458713,60.58618112808585,24162.901291379374,67.76469648456147,17574.25182645733,566617.4584248175,244973.8761174821,5518940.496508677,6330531.831050976
173.69359517958256,20868.544394904206,65.05902680460622,28402.68734076722,190.41248932780056,3284.4709820698195,444716.8848127468,260830.2305416052,32518.569896298486,738065.6852506504
97.48623964990273,96.54790812836045,142.52426661970256,12006.36827549016,147.58555379976005,28975.100064227507,874.8899045300949,2869717.5613636267,443553.35528378864,3314145.8065519454
178.91044537881828,18587.68012379522,163.3558933011272,23498.93948868143,119.485848514684,5243.5496365009785,411511.4756312328,481281.3450744631,35387.768235652475,928180.5889413484
159.97105118946305,10664.790313240721,36.32279355132053,7977.853518963563,176.1790321089505,19440.909541656423,120253.35332426496,64411.59875659569,15724277.941185908,15908942.89326677
85.04270089384669,23825.919938312527,74.18820163155304,29709.96911380945,9.921181669896551,7363.6338761679135,282486.7417865535,280964.95160786994,25865.73930341438,589317.4326978378
4.49386166402348,2789.7191946939647,180.38803934983002,773.0879629305343,51.41253843784175,21526.841479456074,6691.064431474701,13544.541366564685,232332.04718571942,252567.6529837588
53.735471876989216,17646.068008451715,161.33870393894784,18105.864195033628,93.00726684418198,23304.641017208432,5963898.914905593,440456.13479408633,329766.89042195876,6734121.940121638
108.32684293217338,14429.186696583713,196.97168055249517,19785.179449539814,45.3957078943042,20202.59186734298,3828422.6570290052,504050.3928707183,331069.0147003499,4663542.064600073
126.69564396522945,19269.765777156823,150.84965193641614,20641.366712223866,148.78103746043038,18434.983807655775,323061.98134009866,449333.872287015,10123835.4709157,10896231.324542813
51.577537086640454,1945.6078344890504,78.63904020558445,3611.6273636726705,183.84160621074503,26774.07281856035,12420.66342761549,34986.189845383706,565794.7421280085,613201.5954010077
27.871214814564826,17399.513622843937,118.12756679892755,28155.89350419391,84.75402398618468,2358.801329692741,6990338.754015647,355294.0190882374,13406.229300289991,7359039.002404175
166.9860473598598,16844.53763878571,132.20285084946406,5435.498371502484,68.426520022379,9927.442973405856,10588870.622848358,50914.63635014434,55360.19653233026,10695145.455730831
196.88043614071043,16819.80283248513,15.69116326342479,18682.60209719523,192.31014642751325,7448.624388925379,11440293.826916322,183286.79248641722,90214.65122341963,11713795.27062616
105.13803646053717,18104.629997893644,108.89939182077302,6680.282373692548,88.97048656550817,29640.418861962647,249109.1022234265,54599.16990188581,345907.4110441626,649615.6831694748
34.3358571696607,20294.038116790867,141.86416569452192,9216.492510638127,97.80968008985664,11681.693390006205,293087.317241937,82688.64634414179,73843.53427513543,449619.4978612142
54.461465303873794,24149.66999042309,33.464260800212074,16393.75625184373,70.32997446838107,21978.38097721196,221699.37217906324,259485.5596542192,276782.04134595394,757966.9731792364
3.6781353094933467,8094.62160384643,156.12634348511142,12515.802556937295,181.90969460242766,20541.754916430138,15543.16520590878,4428226.307878975,471215.60040976916,4914985.073494653
182.8597613120998,24751.482305401863,116.75455610282232,4806.768029295189,113.79109665637014,6362.437124321332,478052.518792274,57192.011465613985,41902.71448319189,577147.2447410799
23.550216578028227,14947.670467903608,190.44435713951893,5128.092072625449,152.43491743632893,7169.93040634654,3447058.6378413904,68816.62712824461,79284.29861306728,3595159.563582702
115.30329510285071,2311.748374029935,8.48445964137834,12544.34364488399,162.36134367017726,8438.536906591024,22975.294183584076,1256331.9937070427,89957.28037448102,1369264.568265108
54.8110441374412,1756.5278773193759,53.0652275110934,22718.489348265022,68.36980838345164,12333.818347781376,11595.07738541454,225884.89260219343,64110.93041191985,301590.9003995278
110.83560050315869,10027.149560881824,120.31077585996482,26938.939405433655,86.73886626407601,7029.751969515804,84456.97758216558,356400.3939054992,50431.95378167647,491289.32526934124
130.28407767037285,23546.909313344026,59.31198244118614,2523.829867781485,169.69435488125293,589.5444824054341,356274.80619125086,21112.06296079788,5535.471332075891,382922.3404841246
165.94836074144033,21230.42804222747,142.88483281424845,11793.117226782031,72.65107033516205,26381.791704215866,437558.06448858505,2577559.0169978077,304423.85890272906,3319540.940389122
41.28425435212064,23658.448940172195,151.8010565043862,3007.366911686299,158.78702669037025,28968.294941426524,347843.2600074471,48498.93226524744,538478.6215895067,934820.8138622013
2.1991657316960955,15518.071693248281,20.50319281329489,497.77441897793653,188.19846451488743,10247.111610947039,857357.7140715823,4015.96654670559,109006.07118117281,970379.7517994607
27.377126013761455,13205.969938664717,102.77089284135354,19851.560479318698,124.6420746136014,10155.206382764185,1604347.8726514147,307429.3317213488,75848.28694073223,1987625.491313496
180.00372836962103,4423.575801188518,101.77811111821117,18073.483258997632,148.32545749037777,212.7543832311296,61943.24035100125,293532.55687376147,1599.8484455633445,357075.6456703261
174.77801551250306,9845.782608279347,73.85615404310822,4890.573414446586,161.01946240822699,20407.52064991122,118164.94547345117,45853.9709279909,435700.20777370885,599719.1241751509
119.48262043406166,13020.580985216258,186.58497251393442,7014.384992791924,169.0079297793285,24763.196872458862,1756343.7881384704,88296.32029282692,531926.0193181797,2376566.127749477
120.10337208673067,2658.012890388517,165.50126397464425,711.2326093355514,79.01066757135919,4398.249010800095,27016.180788716712,11955.865130913042,24135.207940770997,63107.25386040075
133.00733490925109,6618.358581336338,139.44187638192736,25048.41617083211,10.252691835199634,4789.990481014523,68938.65081062377,380382.350789232,14034.530106696697,463355.5317065525
35.07425572468992,17946.758821912164,142.8653271469995,29240.717881456545,80.37525424734791,23702.497499143134,8950721.760560106,394268.683034571,308905.37662809406,9653895.82022277
182.88238918499195,22069.893427175695,92.34322876262382,4063.786103840724,134.75124595681797,18488.72245062434,465222.87200370606,42797.4988020243,9749999.173158078,10258019.543963809
83.75410497841462,29950.42534178849,184.19890421931518,6944.256412958944,90.07007715615856,1345.8167288315103,290903.12206247874,87007.55021979829,7885.282098136724,385795.95438041375
76.6277056498995,27993.399940306732,138.91908545065706,26052.28571840802,149.7926301720797,18676.409713868452,274457.250723151,382106.2807293767,10705534.620626062,11362098.15207859
103.78354105656751,19276.955986055746,145.79621233116328,27793.913938685546,71.39648589373277,9267.531685312983,289575.2496927335,395674.3081562396,54090.618578302754,739340.176427276
9.39319335501101,12637.44159882216,172.33818075746905,12588.82148420431,126.94882822080591,11061.754664125378,436969.29379011964,4774820.714353964,81051.83889201895,5292841.847036103
33.256673751215885,19085.32094124698,54.8143178684382,1518.6741680722237,37.283960970794915,23091.942548906405,274865.81588463974,12193.242003670795,359703.14984750387,646762.2077358144
147.6067232852741,23569.54854240696,161.4141807733406,1181.755010784582,149.87388732899137,24328.055780178318,381689.91415990214,19628.22471469169,426306.95984503365,827625.0987196275
16.559733585025292,3550.0857277016194,39.04812059129841,17218.49598207031,109.13919376260517,12010.69880519492,20138.711654560768,311198.52277374646,79520.83855995457,410858.0729882618
120.63042189327764,12297.146690888647,69.06839044897757,11786.853266795371,40.81287770932012,28414.588080190642,586285.6331716969,1759963.2549693547,406353.8040173465,2752602.692158398
49.06982193626419,25194.068569068517,67.12209085396854,859.5728273296355,58.38223469956145,12193.881538562167,394878.4009896454,7668.319204614288,58770.01056234911,461316.73075660877
77.85912280839531,11514.98855799132,195.7050936778281,17497.571769376704,149.72174171636647,23155.0810569033,77484.87720605024,472081.9275316979,417134.75390342524,966701.5586411734
57.738747354139974,17156.168136815595,171.30744474958536,339.07609767067413,96.52024713230414,14516.317936927771,5671947.5436049225,5795.072285627514,1022896.1362125459,6700638.752103096
71.13454329298983,17633.080825865945,140.23397231805194,23621.15874447819,43.20628807861444,26925.96979566252,6943295.220088402,377460.78142298386,415749.87004825444,7736505.87155964
143.8091810368491,5534.287594009181,145.41135232307803,9192.984681101147,193.45423807405953,27232.837309505358,62111.73231712375,83569.7768445621,581675.9794679227,727357.4886296085
59.424343124635,10867.063249568651,112.41455888051422,1207.740090276963,143.02500396337757,2622.504236132516,63800.129929495924,14089.554328839486,19364.69824179852,97254.38250013394
113.28092805937943,10035.338662257964,189.41813342170383,17650.5666294946,191.42696650795924,28094.799939306773,85530.92643595516,467876.6212802626,583052.6348529431,1136460.182569161
95.21008043981993,785.9012559619438,99.2517505764723,11930.53243299164,85.42100907206864,24766.04524561247,7029.640516779224,2290236.3696399787,323861.1516230985,2621127.161779857
132.73423307252963,725.7529167406574,76.1035419739789,29214.012400714484,95.0200681383441,23739.321429380005,7793.825999999865,284083.75272187684,336106.5336424952,627984.112364372
187.3659478649516,24950.911310273204,32.6070673863182,16325.959875111066,179.59104323700384,6027.340190565673,484659.0427966693,251518.8508656333,58089.15641558942,794267.050077892
146.51441944205007,8192.124299184372,157.2411304522116,8257.175431110249,105.00986804907693,24153.57626263995,84603.16780228002,93560.55293376248,355833.91704527027,533997.6377813127
42.98807571815135,15542.362987164463,146.8887864151183,21283.165939019244,141.45578238113345,25503.982040551105,6141086.022678446,377833.0922544261,420774.41179043986,6939693.526723312
6.2366270122569345,8961.767207663192,76.87100770482698,8144.76007628134,50.434575499105996,8674.510033624529,23745.40558071013,53962.645839930985,43601.69994472919,121309.7513653703
52.45280885996502,28220.377353460215,5.038682791845872,27127.298742226954,89.3452937405281,28567.80235086971,223054.21698998593,97004.21545644707,344054.40317715105,664112.835623584
119.01558614005097,7778.902765973213,167.79946554360214,11241.659115221293,24.68997316207102,1495.8043919749275,72673.49336222399,2320385.0889056427,7557.708607985821,2400616.2908758526
10.285162696850069,12889.704382168053,2.2835966908147265,16496.056883286157,41.19600717539234,4497.27759741419,631135.6903040634,47368.08839579233,31211.721143886287,709715.499843742
99.27324944024727,26181.907514538056,140.7399559258102,1517.1931147268658,0.1886830535262174,16127.43414154543,313183.20064324024,19894.670359552452,160433.8858599307,493511.7568627234
119.36856978337784,25258.00700375426,194.05142194521142,12783.637138566923,7.853010329732046,17273.774133669292,344430.55227807484,5426036.117276617,2473269.94136758,8243736.610922271
66.84877816339217,5583.042535388319,87.53226562964069,24970.90618982985,195.45676463538587,19354.5024990271,41108.37281768233,298391.5517253104,16234350.514157405,16573850.438700398
154.18244074916439,24079.299293871314,46.99468099919055,24169.464160900257,48.47073902735246,509.07387946399376,436501.0717553504,397356.2104508598,3907.848687903538,837765.1308941137
21.31965062675436,13745.606602136779,140.97420200867634,6729.556765605787,132.66214190080038,28811.003238663907,1938915.5145660862,62835.00264922703,420027.302847314,2421777.820062627
15.027556347161752,14489.066162560657,163.42562840311703,6782.37213031688,167.8199397599223,1337.6427820243198,2172150.2588765905,80525.21086592061,12495.618935864417,2265171.0886783754
145.63775124072066,4004.3991724783136,109.28606321556946,24519.159366397103,110.13209184731285,4291.858581702071,45255.21109374269,333845.4898347927,27807.600342616784,406908.30127115216
99.09826324123969,2418.0454127137396,193.40705505122924,27911.952605079765,30.62890001679124,420.4355257817094,22110.26841381217,537033.4825592324,2428.038918640872,561571.7898916854
137.68047928554722,21838.179209212954,10.333744331592221,2860.8276381901064,145.62328746723327,17005.75299882284,360002.585265771,14886.814029221416,6821074.960517627,7195964.359812619
86.96546772074925,14893.834570658992,100.95911966090563,13501.759182786758,120.05028201991661,27968.00651762917,4025274.8872293793,4130639.49420619,397002.5147345365,8552916.896170106
49.280406647821366,13105.521078455387,143.69078946451,10123.62836892687,146.25011786947502,19978.414982413928,2177528.1389121837,261536.71217264808,13494698.525383303,15933763.376468135
163.82046353483994,21885.2468595719,172.5280942298358,26120.65366372318,153.94932457141743,24679.724054412818,439180.0876398725,503331.1129288787,508965.24765304034,1451476.4482217915
159.88317579379586,22965.386969733292,35.85112238155801,2505.747440400563,195.08207353694903,398.43610375740246,439694.2695531281,28907.887110101503,3989.036297287197,472591.19296051684
138.93929417088535,4767.245030080607,160.00069635273627,6333.778276741122,114.712656005342,16260.458954391783,52498.525527967555,75258.54691306924,4575163.420639589,4702920.493080626
54.42902744599254,18306.754484329238,110.54141514370906,22574.05012759483,68.32822253812037,13786.889325165657,186139.9076016098,330439.7262605847,69387.73320580841,585967.3670680029
118.04613337381741,4060.622468330566,79.31073639799264,1538.8154694364675,129.6929113800474,14969.038326623791,40881.88612998494,14972.758080171678,2140763.193711306,2196617.8379214625
72.19477938800536,22541.25258087137,26.343005715818713,14776.061421428678,13.688141848525227,2166.3955600556383,254699.16936341574,4813775.5781962685,7593.079384038599,5076067.826943723
18.316414665326832,19708.654688014187,173.05915178178248,13263.211040391601,179.47946366431725,20533.060832079223,190369.98223143906,6000545.251271969,467722.84936417994,6658638.082867588
183.46271509244855,28698.438632503738,31.45464163594307,10032.03536966246,23.876202267639357,15096.612445759034,490554.43504759675,107306.21549641943,1696084.6378782007,2293945.2884222167
27.36372618379228,2068.7404906926354,61.95757184181985,11837.169459567713,65.56856757716365,22954.465495837918,16347.978666870795,1708460.0404959694,274762.20933296235,1999570.2284958025
190.0474707641605,1711.6416345376294,58.009106392487375,15898.217607906989,163.14907612522418,14558.71902185146,24628.078946154244,5176909.0868872255,1672360.9956027241,6873898.161436104
89.20115459159115,8465.612240796005,174.28280683817087,4841.020751651494,119.46247566614237,4481.449086792963,65961.91918692779,83423.8839324139,30241.52979810187,179627.33291744353
